"","","","Alcohol, recorded per capita (15+) consumption (in litres of pure alcohol)","Alcohol, recorded per capita (15+) consumption (in litres of pure alcohol)","Alcohol, recorded per capita (15+) consumption (in litres of pure alcohol)","Alcohol, recorded per capita (15+) consumption (in litres of pure alcohol)","Alcohol, recorded per capita (15+) consumption (in litres of pure alcohol)","Alcohol, recorded per capita (15+) consumption (in litres of pure alcohol)","Alcohol, recorded per capita (15+) consumption (in litres of pure alcohol)","Alcohol, recorded per capita (15+) consumption (in litres of pure alcohol)","Alcohol, recorded per capita (15+) consumption (in litres of pure alcohol)"
"Country","Data Source","Beverage Types"," 2018"," 2017"," 2016"," 2015"," 2014"," 2013"," 2012"," 2011"," 2010"
"Afghanistan"," Data source"," All types","0.01","0.01","0.02","0.00","0.01","0.01","0.01","0.01","0.01"
"Afghanistan"," Data source"," Beer","0.00","0.00","0.00","0.00","0.00","0.01","0.01","0.01","0.01"
"Afghanistan"," Data source"," Wine","0.00","0.00","0.00","0.00","0.00","0.00","0.00","0.00","0.00"
"Afghanistan"," Data source"," Spirits","0.01","0.01","0.01","0.00","0.01","0.00","0.00","0.00","0.00"
"Afghanistan"," Data source"," Other alcoholic beverages","0.00","0.00","0.00","0","0","0","0","0","0"
"Albania"," Data source"," All types","4.70","4.75","4.67","4.54","4.33","4.54","4.74","5.42","5.28"
"Albania"," Data source"," Beer","1.60","1.60","1.49","1.45","1.27","1.33","1.34","1.88","1.72"
"Albania"," Data source"," Wine","1.30","1.30","1.27","1.10","1.00","1.07","1.12","1.08","1.08"
"Albania"," Data source"," Spirits","1.72","1.77","1.83","1.90","1.98","2.06","2.19","2.37","2.36"
"Albania"," Data source"," Other alcoholic beverages","0.08","0.08","0.08","0.08","0.08","0.09","0.09","0.10","0.12"
"Algeria"," Data source"," All types","0.58","0.58","0.60","0.58","0.54","0.50","0.43","0.40","0.35"
"Algeria"," Data source"," Beer","0.30","0.30","0.32","0.31","0.28","0.26","0.23","0.21","0.18"
"Algeria"," Data source"," Wine","0.18","0.18","0.18","0.17","0.16","0.14","0.13","0.13","0.13"
"Algeria"," Data source"," Spirits","0.10","0.10","0.10","0.10","0.10","0.10","0.07","0.06","0.04"
"Algeria"," Data source"," Other alcoholic beverages","0","0","0","0","0","0","0.00","0.00","0"
"Andorra"," Data source"," All types","9.75","9.93","9.94","9.85","9.89","10.07","10.34","10.46","10.58"
"Andorra"," Data source"," Beer","3.66","3.55","3.41","3.32","3.29","2.97","3.14","3.11","3.14"
"Andorra"," Data source"," Wine","3.69","3.96","4.03","4.12","4.13","4.61","4.73","4.73","4.75"
"Andorra"," Data source"," Spirits","2.31","2.33","2.40","2.31","2.32","2.34","2.36","2.52","2.59"
"Andorra"," Data source"," Other alcoholic beverages","0","0","0","0","0","0","0","0","0"
"Angola"," Data source"," All types","5.35","5.47","5.38","5.94","7.49","7.01","7.14","6.95","6.83"
"Angola"," Data source"," Beer","3.64","3.64","3.39","3.26","4.50","4.47","4.61","4.44","4.24"
"Angola"," Data source"," Wine","0.64","0.59","0.73","1.24","1.28","1.00","1.01","0.96","0.95"
"Angola"," Data source"," Spirits","0.99","1.15","1.17","1.34","1.58","1.43","1.42","1.44","1.49"
"Angola"," Data source"," Other alcoholic beverages","0.08","0.09","0.09","0.10","0.12","0.12","0.11","0.11","0.14"
"Antigua and Barbuda"," Data source"," All types","8.72","7.73","7.55","7.59","7.39","7.62","7.44","7.28","7.41"
"Antigua and Barbuda"," Data source"," Beer","2.71","2.71","2.66","2.58","2.49","2.53","2.58","2.63","2.66"
"Antigua and Barbuda"," Data source"," Wine","1.08","1.11","1.19","1.23","1.27","1.32","1.33","1.37","1.50"
"Antigua and Barbuda"," Data source"," Spirits","4.53","3.63","3.46","3.54","3.38","3.52","3.28","3.03","3.00"
"Antigua and Barbuda"," Data source"," Other alcoholic beverages","0.39","0.28","0.24","0.24","0.25","0.25","0.26","0.26","0.25"
"Argentina"," Data source"," All types","8.22","8.22","8.31","8.43","7.87","8.20","7.92","7.61","8.15"
"Argentina"," Data source"," Beer","3.59","3.59","3.59","3.37","3.34","3.32","3.26","3.46","3.32"
"Argentina"," Data source"," Wine","2.86","3.14","3.10","3.38","3.19","3.48","3.49","3.11","3.91"
"Argentina"," Data source"," Spirits","0.72","0.67","0.76","0.81","0.55","0.52","0.48","0.46","0.45"
"Argentina"," Data source"," Other alcoholic beverages","0.72","0.81","0.85","0.87","0.79","0.88","0.70","0.59","0.47"
"Armenia"," Data source"," All types","3.71","3.83","3.82","4.04","4.22","3.92","3.89","4.07","4.23"
"Armenia"," Data source"," Beer","0.49","0.49","0.42","0.49","0.52","0.43","0.25","0.34","0.40"
"Armenia"," Data source"," Wine","0.38","0.38","0.30","0.22","0.22","0.28","0.25","0.31","0.24"
"Armenia"," Data source"," Spirits","2.83","2.96","3.10","3.33","3.48","3.21","3.38","3.42","3.58"
"Armenia"," Data source"," Other alcoholic beverages","0.01","0.01","0.00","0.00","0.01","0.01","0.01","0.01","0.01"
"Australia"," Data source"," All types","9.51","9.49","9.79","9.68","9.90","10.00","10.03","10.30","10.52"
"Australia"," Data source"," Beer","3.71","3.68","3.87","3.76","4.02","4.04","4.14","4.31","4.51"
"Australia"," Data source"," Wine","3.67","3.74","3.79","3.80","3.76","3.79","3.78","3.79","3.87"
"Australia"," Data source"," Spirits","1.32","1.23","1.25","1.22","1.23","1.29","1.26","1.34","1.30"
"Australia"," Data source"," Other alcoholic beverages","0.81","0.84","0.88","0.90","0.89","0.88","0.85","0.86","0.84"
"Austria"," Data source"," All types","11.80","11.70","11.70","11.60","12.20","11.60","12.10","11.90","12.10"
"Austria"," Data source"," Beer","6.40","6.20","6.20","6.00","6.30","6.00","6.30","6.10","6.10"
"Austria"," Data source"," Wine","3.60","3.60","3.70","3.60","4.20","3.90","4.10","4.10","4.30"
"Austria"," Data source"," Spirits","1.90","1.90","1.90","1.90","1.70","1.70","1.70","1.70","1.70"
"Austria"," Data source"," Other alcoholic beverages","0","0","0","0","0","0","0","0","0"
"Azerbaijan"," Data source"," All types","2.92","2.92","3.05","4.14","2.00","2.08","2.01","1.97","1.92"
"Azerbaijan"," Data source"," Beer","0.31","0.31","0.24","0.30","0.20","0.32","0.29","0.29","0.29"
"Azerbaijan"," Data source"," Wine","0.13","0.13","0.15","0.13","0.15","0.15","0.15","0.15","0.15"
"Azerbaijan"," Data source"," Spirits","2.48","2.48","2.66","3.71","1.64","1.60","1.55","1.52","1.47"
"Azerbaijan"," Data source"," Other alcoholic beverages","0.00","0.00","0.01","0.00","0.01","0.01","0.01","0.01","0.01"
"Bahamas"," Data source"," All types","8.90","8.84","8.69","8.71","8.78","8.64","8.72","8.81","8.72"
"Bahamas"," Data source"," Beer","3.43","3.43","3.41","3.39","3.53","3.47","3.41","3.34","3.23"
"Bahamas"," Data source"," Wine","1.40","1.38","1.38","1.37","1.36","1.35","1.36","1.40","1.39"
"Bahamas"," Data source"," Spirits","3.78","3.74","3.60","3.61","3.54","3.46","3.56","3.68","3.69"
"Bahamas"," Data source"," Other alcoholic beverages","0.29","0.29","0.30","0.34","0.36","0.36","0.38","0.39","0.41"
"Bahrain"," Data source"," All types","1.23","1.25","1.39","1.53","1.57","1.65","1.72","1.66","1.96"
"Bahrain"," Data source"," Beer","0.37","0.37","0.38","0.39","0.38","0.37","0.36","0.34","0.46"
"Bahrain"," Data source"," Wine","0.10","0.10","0.11","0.11","0.10","0.09","0.09","0.09","0.11"
"Bahrain"," Data source"," Spirits","0.73","0.75","0.87","1.00","1.06","1.17","1.25","1.22","1.37"
"Bahrain"," Data source"," Other alcoholic beverages","0.02","0.02","0.03","0.02","0.02","0.02","0.02","0.01","0.02"
"Bangladesh"," Data source"," All types","0.00","0.00","0.00","0.00","0.00","0.00","0.00","0.00","0.00"
"Bangladesh"," Data source"," Beer","0.00","0.00","0.00","0.00","0.00","0.00","0.00","0.00","0.00"
"Bangladesh"," Data source"," Wine","0.00","0.00","0.00","0.00","0.00","0.00","0","0","0"
"Bangladesh"," Data source"," Spirits","0.00","0.00","0.00","0.00","0.00","0.00","0.00","0.00","0.00"
"Bangladesh"," Data source"," Other alcoholic beverages","0","0","0","0","0","0","0","0","0"
"Barbados"," Data source"," All types","9.35","9.39","9.27","9.00","8.86","8.63","8.59","8.39","8.25"
"Barbados"," Data source"," Beer","3.65","3.65","3.53","3.44","3.48","3.46","3.44","3.37","3.33"
"Barbados"," Data source"," Wine","0.68","0.69","0.67","0.70","0.66","0.66","0.68","0.69","0.69"
"Barbados"," Data source"," Spirits","4.85","4.88","4.88","4.68","4.53","4.33","4.28","4.12","4.02"
"Barbados"," Data source"," Other alcoholic beverages","0.18","0.17","0.18","0.18","0.18","0.19","0.20","0.21","0.21"
"Belarus"," Data source"," All types","10.09","9.75","9.70","9.72","11.21","12.49","13.47","14.41","14.34"
"Belarus"," Data source"," Beer","2.18","2.05","2.06","1.99","2.15","2.34","2.18","2.29","2.36"
"Belarus"," Data source"," Wine","0.91","0.85","0.80","0.75","0.84","0.84","0.76","0.73","0.75"
"Belarus"," Data source"," Spirits","4.53","4.48","4.49","4.21","4.73","5.37","6.54","6.39","5.91"
"Belarus"," Data source"," Other alcoholic beverages","2.48","2.37","2.36","2.77","3.50","3.94","4.00","5.01","5.32"
"Belgium"," Data source"," All types","9.42","9.42","9.42","10.36","10.57","10.33","10.09","10.14","10.27"
"Belgium"," Data source"," Beer","4.46","4.46","4.46","4.60","4.72","4.60","4.78","4.89","5.03"
"Belgium"," Data source"," Wine","3.47","3.47","3.47","3.97","3.97","3.87","3.72","3.71","3.72"
"Belgium"," Data source"," Spirits","1.15","1.15","1.15","1.47","1.47","1.42","1.54","1.49","1.48"
"Belgium"," Data source"," Other alcoholic beverages","0.34","0.34","0.34","0.32","0.41","0.44","0.05","0.05","0.05"
"Belize"," Data source"," All types","5.61","5.76","6.11","6.26","6.19","6.17","6.25","6.29","6.43"
"Belize"," Data source"," Beer","4.04","4.04","4.19","4.29","4.18","4.18","4.21","4.26","4.35"
"Belize"," Data source"," Wine","0.18","0.18","0.19","0.17","0.17","0.17","0.17","0.18","0.18"
"Belize"," Data source"," Spirits","1.25","1.42","1.59","1.65","1.69","1.68","1.72","1.71","1.75"
"Belize"," Data source"," Other alcoholic beverages","0.14","0.13","0.15","0.14","0.14","0.15","0.16","0.14","0.15"
"Benin"," Data source"," All types","1.37","1.37","1.46","1.56","1.59","1.44","1.48","1.50","1.42"
"Benin"," Data source"," Beer","0.87","0.87","0.95","1.03","1.04","0.92","0.99","0.82","0.70"
"Benin"," Data source"," Wine","0.06","0.06","0.08","0.09","0.11","0.09","0.13","0.22","0.25"
"Benin"," Data source"," Spirits","0.21","0.21","0.21","0.21","0.21","0.21","0.15","0.16","0.17"
"Benin"," Data source"," Other alcoholic beverages","0.22","0.22","0.22","0.22","0.22","0.22","0.21","0.29","0.30"
"Bhutan"," Data source"," All types","0.06","0.06","0.02","0.04","0.19","0.28","0.30","0.23","0.22"
"Bhutan"," Data source"," Beer","0.01","0.01","0.01","0.04","0.04","0.23","0.17","0.15","0.11"
"Bhutan"," Data source"," Wine","0.05","0.05","0.00","0.00","0.00","0.00","0.01","0.01","0.01"
"Bhutan"," Data source"," Spirits","0","0","0","0","0.15","0.05","0.12","0.07","0.10"
"Bhutan"," Data source"," Other alcoholic beverages","0","0","0","0.00","0.00","0","0","0","0"
"Bolivia (Plurinational State of)"," Data source"," All types","3.34","3.34","3.41","3.44","3.48","3.53","3.58","3.64","3.71"
"Bolivia (Plurinational State of)"," Data source"," Beer","2.54","2.54","2.60","2.65","2.70","2.69","2.77","2.85","2.97"
"Bolivia (Plurinational State of)"," Data source"," Wine","0.14","0.14","0.16","0.13","0.13","0.16","0.14","0.16","0.16"
"Bolivia (Plurinational State of)"," Data source"," Spirits","0.58","0.58","0.58","0.60","0.59","0.63","0.62","0.60","0.57"
"Bolivia (Plurinational State of)"," Data source"," Other alcoholic beverages","0.08","0.08","0.07","0.07","0.05","0.05","0.04","0.04","0.02"
"Bosnia and Herzegovina"," Data source"," All types","4.99","4.97","4.81","4.73","4.64","4.59","4.76","4.67","4.55"
"Bosnia and Herzegovina"," Data source"," Beer","3.81","3.81","3.68","3.58","3.41","3.45","3.63","3.52","3.37"
"Bosnia and Herzegovina"," Data source"," Wine","0.44","0.44","0.43","0.46","0.47","0.46","0.42","0.42","0.44"
"Bosnia and Herzegovina"," Data source"," Spirits","0.57","0.56","0.55","0.54","0.62","0.54","0.57","0.60","0.60"
"Bosnia and Herzegovina"," Data source"," Other alcoholic beverages","0.17","0.16","0.16","0.15","0.15","0.14","0.14","0.13","0.13"
"Botswana"," Data source"," All types","4.81","4.80","5.14","5.12","4.97","4.81","5.22","6.10","5.69"
"Botswana"," Data source"," Beer","2.63","2.63","3.06","3.05","2.90","2.60","2.25","2.27","2.37"
"Botswana"," Data source"," Wine","0.38","0.37","0.28","0.26","0.27","0.42","0.43","0.56","0.72"
"Botswana"," Data source"," Spirits","0.28","0.28","0.28","0.28","0.28","0.28","0.57","1.50","0.64"
"Botswana"," Data source"," Other alcoholic beverages","1.52","1.52","1.52","1.52","1.52","1.52","1.98","1.77","1.96"
"Brazil"," Data source"," All types","6.19","6.24","6.33","6.59","6.88","6.82","7.08","7.11","7.12"
"Brazil"," Data source"," Beer","3.84","3.84","3.91","4.08","4.25","4.07","4.28","4.19","4.18"
"Brazil"," Data source"," Wine","0.26","0.26","0.23","0.24","0.26","0.27","0.25","0.30","0.30"
"Brazil"," Data source"," Spirits","2.06","2.11","2.16","2.25","2.34","2.44","2.52","2.59","2.62"
"Brazil"," Data source"," Other alcoholic beverages","0.04","0.04","0.03","0.03","0.03","0.03","0.03","0.03","0.03"
"Brunei Darussalam"," Data source"," All types","0.66","0.66","0.66","0.67","0.67","0.69","0.67","0.92","0.88"
"Brunei Darussalam"," Data source"," Beer","0.65","0.65","0.65","0.65","0.65","0.65","0.67","0.87","0.84"
"Brunei Darussalam"," Data source"," Wine","0.01","0.01","0.01","0.01","0.01","0.03","0.00","0.00","0.00"
"Brunei Darussalam"," Data source"," Spirits","0","0","0","0","0","0","0","0.05","0.03"
"Brunei Darussalam"," Data source"," Other alcoholic beverages","0","0","0","0","0","0","0","0.00","0.00"
"Bulgaria"," Data source"," All types","11.42","11.28","11.48","11.24","10.65","10.67","11.23","10.22","10.16"
"Bulgaria"," Data source"," Beer","4.32","4.32","4.37","4.22","4.04","4.24","4.28","4.08","4.00"
"Bulgaria"," Data source"," Wine","1.73","1.73","2.02","1.96","1.80","1.52","1.93","0.95","1.12"
"Bulgaria"," Data source"," Spirits","5.20","5.07","4.95","4.97","4.74","4.85","4.96","5.15","5.00"
"Bulgaria"," Data source"," Other alcoholic beverages","0.16","0.16","0.14","0.10","0.08","0.06","0.05","0.04","0.05"
"Burkina Faso"," Data source"," All types","7.20","7.20","7.11","7.12","7.04","5.56","5.69","5.43","5.51"
"Burkina Faso"," Data source"," Beer","1.00","1.00","0.91","0.88","0.85","0.67","0.63","0.53","0.46"
"Burkina Faso"," Data source"," Wine","0.09","0.09","0.09","0.13","0.14","0.10","0.18","0.17","0.12"
"Burkina Faso"," Data source"," Spirits","0.23","0.23","0.23","0.23","0.27","0.24","0.20","0.13","0.12"
"Burkina Faso"," Data source"," Other alcoholic beverages","5.88","5.88","5.88","5.88","5.78","4.55","4.67","4.60","4.80"
"Burundi"," Data source"," All types","4.00","4.00","3.89","3.92","3.86","3.88","4.22","4.45","4.48"
"Burundi"," Data source"," Beer","1.81","1.81","1.69","1.73","1.66","1.69","1.62","1.58","1.58"
"Burundi"," Data source"," Wine","0.00","0.00","0.00","0.00","0.00","0.00","0.00","0.00","0.00"
"Burundi"," Data source"," Spirits","0.01","0.01","0.01","0.01","0.01","0.01","0.00","0.00","0.00"
"Burundi"," Data source"," Other alcoholic beverages","2.18","2.18","2.18","2.18","2.18","2.18","2.59","2.85","2.89"
"Cabo Verde"," Data source"," All types","4.13","4.13","4.11","4.39","4.17","3.82","5.05","5.14","4.81"
"Cabo Verde"," Data source"," Beer","2.27","2.27","2.27","2.27","2.27","2.27","2.32","2.82","2.52"
"Cabo Verde"," Data source"," Wine","1.57","1.57","1.56","1.84","1.62","1.26","1.58","1.61","1.68"
"Cabo Verde"," Data source"," Spirits","0.28","0.28","0.28","0.28","0.28","0.28","1.16","0.70","0.61"
"Cabo Verde"," Data source"," Other alcoholic beverages","0","0","0","0","0","0","0","0.00","0.00"
"Cambodia"," Data source"," All types","3.70","3.70","3.50","3.34","3.06","2.80","2.52","2.40","2.16"
"Cambodia"," Data source"," Beer","3.29","3.29","3.10","2.93","2.64","2.38","2.09","1.99","1.75"
"Cambodia"," Data source"," Wine","0.02","0.02","0.02","0.02","0.02","0.01","0.01","0.01","0.01"
"Cambodia"," Data source"," Spirits","0.39","0.38","0.38","0.40","0.40","0.41","0.41","0.40","0.39"
"Cambodia"," Data source"," Other alcoholic beverages","0.00","0.00","0.00","0.00","0.00","0.00","0.00","0.00","0.00"
"Cameroon"," Data source"," All types","4.19","4.19","4.15","4.59","4.77","6.66","6.52","5.98","5.96"
"Cameroon"," Data source"," Beer","2.47","2.47","2.49","2.90","3.08","3.07","2.89","2.58","2.62"
"Cameroon"," Data source"," Wine","0.12","0.12","0.06","0.09","0.12","0.11","0.12","0.11","0.09"
"Cameroon"," Data source"," Spirits","0.01","0.01","0.01","0.01","0.01","0","0.03","0","0"
"Cameroon"," Data source"," Other alcoholic beverages","1.59","1.59","1.59","1.59","1.56","3.48","3.48","3.29","3.26"
"Canada"," Data source"," All types","8.20","8.20","8.10","8.00","8.00","8.20","8.30","8.20","8.30"
"Canada"," Data source"," Beer","3.60","3.60","3.70","3.70","3.80","3.90","4.00","4.00","4.20"
"Canada"," Data source"," Wine","2.20","2.10","2.10","2.00","2.00","2.00","2.00","1.90","1.90"
"Canada"," Data source"," Spirits","2.10","2.10","2.10","2.00","2.00","2.10","2.10","2.10","2.10"
"Canada"," Data source"," Other alcoholic beverages","0.30","0.30","0.30","0.30","0.30","0.20","0.20","0.20","0.20"
"Central African Republic"," Data source"," All types","0.88","0.88","0.87","0.87","0.75","1.62","1.87","1.89","1.87"
"Central African Republic"," Data source"," Beer","0.51","0.51","0.52","0.51","0.41","0.25","0.33","0.34","0.29"
"Central African Republic"," Data source"," Wine","0.02","0.02","0.01","0.01","0.01","0.00","0.01","0.02","0.01"
"Central African Republic"," Data source"," Spirits","0.03","0.03","0.03","0.03","0.02","0","0","0.02","0.04"
"Central African Republic"," Data source"," Other alcoholic beverages","0.32","0.32","0.32","0.32","0.32","1.37","1.53","1.50","1.52"
"Chad"," Data source"," All types","0.42","0.42","0.50","0.50","0.50","0.62","1.00","1.02","1.04"
"Chad"," Data source"," Beer","0.40","0.40","0.46","0.48","0.47","0.41","0.37","0.37","0.32"
"Chad"," Data source"," Wine","0.01","0.01","0.03","0.01","0.01","0.01","0.42","0.47","0.54"
"Chad"," Data source"," Spirits","0.01","0.01","0.01","0.01","0.03","0.04","0.04","0.04","0.03"
"Chad"," Data source"," Other alcoholic beverages","0.00","0.00","0.00","0.00","0.00","0.16","0.18","0.14","0.15"
"Chile"," Data source"," All types","7.84","7.84","7.78","7.89","7.92","7.23","8.35","7.02","7.55"
"Chile"," Data source"," Beer","2.80","2.80","2.74","2.85","2.79","2.67","2.55","2.51","2.35"
"Chile"," Data source"," Wine","2.61","2.61","2.61","2.61","2.85","2.37","2.65","2.51","3.10"
"Chile"," Data source"," Spirits","2.43","2.43","2.43","2.43","2.28","2.19","3.15","2.00","2.10"
"Chile"," Data source"," Other alcoholic beverages","0","0","0","0","0","0","0","0","0"
"China"," Data source"," All types","5.62","5.64","5.63","5.66","5.76","5.76","5.69","5.57","5.75"
"China"," Data source"," Beer","1.67","1.67","1.68","1.74","1.86","1.88","1.82","1.76","1.67"
"China"," Data source"," Wine","0.20","0.20","0.18","0.17","0.16","0.18","0.18","0.18","0.17"
"China"," Data source"," Spirits","3.75","3.78","3.77","3.75","3.73","3.70","3.70","3.64","3.91"
"China"," Data source"," Other alcoholic beverages","0.00","0.00","0.00","0.00","0.00","0.00","0.00","0.00","0.00"
"Colombia"," Data source"," All types","4.29","4.33","4.54","4.48","4.34","4.33","4.36","4.28","4.19"
"Colombia"," Data source"," Beer","3.04","3.04","3.18","3.14","2.99","2.98","2.99","2.90","2.80"
"Colombia"," Data source"," Wine","0.10","0.10","0.10","0.10","0.10","0.06","0.06","0.06","0.05"
"Colombia"," Data source"," Spirits","1.14","1.18","1.24","1.22","1.23","1.27","1.28","1.30","1.33"
"Colombia"," Data source"," Other alcoholic beverages","0.02","0.02","0.02","0.02","0.02","0.02","0.02","0.02","0.02"
"Comoros"," Data source"," All types","0.23","0.23","0.23","0.23","0.19","0.25","0.11","0.11","0.14"
"Comoros"," Data source"," Beer","0.06","0.06","0.06","0.06","0.06","0.06","0.03","0.02","0.03"
"Comoros"," Data source"," Wine","0.05","0.05","0.05","0.05","0.02","0.07","0.04","0.04","0.03"
"Comoros"," Data source"," Spirits","0.11","0.11","0.11","0.11","0.11","0.11","0.04","0.05","0.07"
"Comoros"," Data source"," Other alcoholic beverages","0","0","0","0","0","0","0","0","0"
"Congo"," Data source"," All types","5.75","5.68","5.86","4.39","4.49","4.34","4.27","4.12","3.94"
"Congo"," Data source"," Beer","5.18","5.18","5.33","3.78","3.80","3.65","3.57","3.46","3.25"
"Congo"," Data source"," Wine","0.10","0.09","0.12","0.15","0.19","0.19","0.19","0.18","0.23"
"Congo"," Data source"," Spirits","0.46","0.39","0.39","0.44","0.48","0.49","0.48","0.46","0.44"
"Congo"," Data source"," Other alcoholic beverages","0.01","0.01","0.02","0.02","0.03","0.02","0.02","0.02","0.01"
"Costa Rica"," Data source"," All types","3.79","3.84","3.77","3.72","3.64","3.60","3.51","3.58","3.75"
"Costa Rica"," Data source"," Beer","2.43","2.43","2.38","2.31","2.27","2.23","2.22","2.12","2.11"
"Costa Rica"," Data source"," Wine","0.36","0.37","0.37","0.37","0.35","0.32","0.31","0.31","0.29"
"Costa Rica"," Data source"," Spirits","0.98","1.02","1.00","1.02","0.99","1.02","0.96","1.12","1.31"
"Costa Rica"," Data source"," Other alcoholic beverages","0.02","0.02","0.02","0.03","0.02","0.03","0.03","0.03","0.03"
"Côte d'Ivoire"," Data source"," All types","1.45","1.58","1.53","1.58","1.39","1.22","1.25","1.17","1.13"
"Côte d'Ivoire"," Data source"," Beer","1.00","1.00","0.95","1.04","0.91","0.79","0.78","0.71","0.69"
"Côte d'Ivoire"," Data source"," Wine","0.28","0.41","0.43","0.38","0.31","0.27","0.32","0.32","0.32"
"Côte d'Ivoire"," Data source"," Spirits","0.10","0.10","0.10","0.11","0.11","0.12","0.12","0.11","0.10"
"Côte d'Ivoire"," Data source"," Other alcoholic beverages","0.07","0.07","0.06","0.06","0.05","0.04","0.04","0.03","0.03"
"Croatia"," Data source"," All types","10.10","10.06","10.39","9.99","9.87","10.76","10.96","11.40","11.10"
"Croatia"," Data source"," Beer","4.67","4.67","4.63","4.56","4.26","4.62","4.56","4.73","4.48"
"Croatia"," Data source"," Wine","3.72","3.70","4.08","3.76","3.95","4.52","4.79","5.08","5.03"
"Croatia"," Data source"," Spirits","1.36","1.35","1.35","1.34","1.33","1.28","1.24","1.21","1.19"
"Croatia"," Data source"," Other alcoholic beverages","0.35","0.34","0.33","0.33","0.33","0.34","0.36","0.39","0.39"
"Cuba"," Data source"," All types","4.50","4.46","4.35","4.42","4.30","4.13","4.09","4.11","4.07"
"Cuba"," Data source"," Beer","1.71","1.71","1.70","1.77","1.72","1.68","1.64","1.62","1.60"
"Cuba"," Data source"," Wine","0.07","0.07","0.07","0.07","0.06","0.07","0.05","0.05","0.05"
"Cuba"," Data source"," Spirits","2.71","2.66","2.57","2.56","2.50","2.37","2.39","2.42","2.40"
"Cuba"," Data source"," Other alcoholic beverages","0.01","0.02","0.02","0.02","0.02","0.02","0.02","0.02","0.02"
"Cyprus"," Data source"," All types","9.59","9.59","9.59","9.59","9.63","9.07","10.58","10.71","11.33"
"Cyprus"," Data source"," Beer","2.85","2.85","2.85","2.85","3.22","3.32","3.49","3.54","3.79"
"Cyprus"," Data source"," Wine","2.72","2.72","2.72","2.72","2.79","2.49","2.61","2.56","2.67"
"Cyprus"," Data source"," Spirits","4.02","4.02","4.02","4.02","3.62","3.26","4.48","4.61","4.87"
"Cyprus"," Data source"," Other alcoholic beverages","0","0","0","0","0","0","0","0","0"
"Czechia"," Data source"," All types","12.93","12.93","12.93","12.76","12.74","12.53","12.82","12.56","12.68"
"Czechia"," Data source"," Beer","6.89","6.89","6.89","6.87","6.87","6.86","6.93","6.64","6.72"
"Czechia"," Data source"," Wine","2.76","2.76","2.76","2.66","2.74","2.63","2.77","2.71","2.71"
"Czechia"," Data source"," Spirits","3.28","3.28","3.28","3.23","3.13","3.03","3.12","3.21","3.26"
"Czechia"," Data source"," Other alcoholic beverages","0","0","0","0","0","0","0","0","0"
"Democratic People's Republic of Korea"," Data source"," All types","3.30","3.30","3.30","3.30","3.36","3.34","3.60","3.38","3.11"
"Democratic People's Republic of Korea"," Data source"," Beer","0.06","0.06","0.06","0.06","0.06","0.09","0.09","0.15","0.16"
"Democratic People's Republic of Korea"," Data source"," Wine","0.00","0.00","0.00","0.00","0.00","0","0","0","0"
"Democratic People's Republic of Korea"," Data source"," Spirits","3.24","3.24","3.24","3.24","3.29","3.25","3.51","3.23","2.95"
"Democratic People's Republic of Korea"," Data source"," Other alcoholic beverages","0.00","0.00","0.00","0.00","0.00","0","0","0","0"
"Democratic Republic of the Congo"," Data source"," All types","0.58","0.58","0.61","0.60","0.80","0.83","0.73","0.71","0.63"
"Democratic Republic of the Congo"," Data source"," Beer","0.54","0.54","0.57","0.55","0.75","0.79","0.69","0.67","0.60"
"Democratic Republic of the Congo"," Data source"," Wine","0.01","0.01","0.01","0.01","0.01","0.01","0.01","0.01","0"
"Democratic Republic of the Congo"," Data source"," Spirits","0.03","0.03","0.03","0.04","0.04","0.04","0.03","0.03","0.02"
"Democratic Republic of the Congo"," Data source"," Other alcoholic beverages","0.00","0.00","0.00","0.00","0.00","0.00","0.00","0.00","0.00"
"Denmark"," Data source"," All types","9.31","9.30","9.51","9.42","9.56","9.44","9.23","10.45","10.27"
"Denmark"," Data source"," Beer","3.45","3.43","3.56","3.45","3.57","3.48","3.55","3.81","3.86"
"Denmark"," Data source"," Wine","4.22","4.15","4.25","4.26","4.31","4.31","4.09","5.04","4.92"
"Denmark"," Data source"," Spirits","1.65","1.64","1.62","1.65","1.59","1.57","1.51","1.51","1.44"
"Denmark"," Data source"," Other alcoholic beverages","0","0.08","0.08","0.07","0.08","0.07","0.08","0.10","0.05"
"Djibouti"," Data source"," All types","0.25","0.28","0.33","0.32","0.33","0.36","0.41","0.39","0.49"
"Djibouti"," Data source"," Beer","0.09","0.09","0.11","0.10","0.08","0.11","0.17","0.13","0.23"
"Djibouti"," Data source"," Wine","0.02","0.02","0.02","0.02","0.02","0.03","0.03","0.04","0.03"
"Djibouti"," Data source"," Spirits","0.14","0.16","0.19","0.19","0.22","0.22","0.21","0.22","0.23"
"Djibouti"," Data source"," Other alcoholic beverages","0.00","0.00","0.00","0.00","0.00","0.00","0.00","0.00","0.00"
"Dominica"," Data source"," All types","9.63","9.63","9.88","9.97","9.99","10.20","10.10","10.11","10.22"
"Dominica"," Data source"," Beer","2.11","2.11","2.37","2.34","2.34","2.32","2.29","2.23","2.17"
"Dominica"," Data source"," Wine","0.29","0.29","0.29","0.29","0.24","0.41","0.27","0.28","0.39"
"Dominica"," Data source"," Spirits","7.23","7.23","7.23","7.34","7.41","7.47","7.54","7.60","7.66"
"Dominica"," Data source"," Other alcoholic beverages","0","0","0","0","0","0","0","0","0"
"Dominican Republic"," Data source"," All types","5.54","5.60","5.55","5.59","5.47","5.53","5.52","5.48","5.54"
"Dominican Republic"," Data source"," Beer","2.97","2.97","2.87","2.83","2.78","2.77","2.74","2.69","2.66"
"Dominican Republic"," Data source"," Wine","0.33","0.33","0.34","0.36","0.31","0.26","0.24","0.22","0.20"
"Dominican Republic"," Data source"," Spirits","2.18","2.24","2.28","2.34","2.33","2.43","2.48","2.50","2.61"
"Dominican Republic"," Data source"," Other alcoholic beverages","0.06","0.05","0.05","0.07","0.06","0.06","0.06","0.07","0.07"
"Ecuador"," Data source"," All types","3.16","3.08","3.34","3.88","3.98","3.98","4.12","4.21","4.28"
"Ecuador"," Data source"," Beer","2.30","2.30","2.53","3.00","3.00","2.96","2.88","2.78","2.68"
"Ecuador"," Data source"," Wine","0.23","0.23","0.23","0.23","0.25","0.25","0.26","0.26","0.37"
"Ecuador"," Data source"," Spirits","0.60","0.53","0.55","0.62","0.72","0.75","0.96","1.15","1.21"
"Ecuador"," Data source"," Other alcoholic beverages","0.03","0.03","0.02","0.02","0.02","0.02","0.02","0.01","0.02"
"Egypt"," Data source"," All types","0.13","0.13","0.15","0.18","0.19","0.19","0.19","0.19","0.20"
"Egypt"," Data source"," Beer","0.08","0.08","0.09","0.11","0.11","0.11","0.11","0.11","0.11"
"Egypt"," Data source"," Wine","0.01","0.01","0.01","0.01","0.01","0.01","0.01","0.01","0.01"
"Egypt"," Data source"," Spirits","0.04","0.04","0.04","0.06","0.07","0.06","0.07","0.06","0.07"
"Egypt"," Data source"," Other alcoholic beverages","0.00","0.00","0.00","0.00","0.00","0.00","0.00","0.00","0.00"
"El Salvador"," Data source"," All types","2.82","2.81","2.64","2.54","2.45","2.34","2.41","2.31","2.29"
"El Salvador"," Data source"," Beer","1.39","1.39","1.27","1.16","1.07","1.04","1.00","0.93","0.92"
"El Salvador"," Data source"," Wine","0.05","0.05","0.05","0.05","0.05","0.05","0.05","0.04","0.04"
"El Salvador"," Data source"," Spirits","1.38","1.37","1.32","1.33","1.32","1.25","1.36","1.33","1.33"
"El Salvador"," Data source"," Other alcoholic beverages","0.01","0.01","0.01","0.01","0.01","0.01","0.01","0.01","0.00"
"Equatorial Guinea"," Data source"," All types","5.68","5.98","7.26","8.05","8.57","8.88","9.71","9.30","8.88"
"Equatorial Guinea"," Data source"," Beer","3.50","3.50","4.90","5.70","5.92","6.20","5.67","5.30","4.52"
"Equatorial Guinea"," Data source"," Wine","0.94","1.15","1.11","1.17","1.32","1.07","2.46","2.39","2.61"
"Equatorial Guinea"," Data source"," Spirits","1.19","1.27","1.18","1.11","1.27","1.55","1.52","1.55","1.72"
"Equatorial Guinea"," Data source"," Other alcoholic beverages","0.06","0.06","0.06","0.06","0.07","0.06","0.06","0.05","0.04"
"Eritrea"," Data source"," All types","0.67","0.67","0.68","0.72","0.73","0.74","0.75","0.88","0.84"
"Eritrea"," Data source"," Beer","0.30","0.30","0.31","0.36","0.36","0.37","0.38","0.50","0.51"
"Eritrea"," Data source"," Wine","0.00","0.00","0.00","0.00","0.00","0.00","0.00","0.00","0.00"
"Eritrea"," Data source"," Spirits","0.00","0.00","0.00","0.00","0.00","0.00","0.00","0.00","0.00"
"Eritrea"," Data source"," Other alcoholic beverages","0.37","0.37","0.37","0.37","0.37","0.37","0.37","0.38","0.34"
"Estonia"," Data source"," All types","11.20","13.27","15.95","16.70","17.35","17.77","16.91","16.18","14.83"
"Estonia"," Data source"," Beer","3.58","4.77","5.50","5.71","5.88","5.90","5.84","5.65","5.55"
"Estonia"," Data source"," Wine","1.89","2.15","2.32","2.21","2.14","2.14","1.98","1.82","1.62"
"Estonia"," Data source"," Spirits","4.62","4.89","6.29","6.82","7.11","7.47","7.11","6.90","5.94"
"Estonia"," Data source"," Other alcoholic beverages","1.11","1.46","1.83","1.96","2.22","2.26","1.97","1.81","1.72"
"Eswatini"," Data source"," All types","7.46","7.46","7.50","7.29","7.38","6.47","5.50","5.93","5.66"
"Eswatini"," Data source"," Beer","1.94","1.94","1.98","1.77","1.68","1.76","1.53","1.63","1.65"
"Eswatini"," Data source"," Wine","1.19","1.19","1.19","1.19","1.37","0.37","0.06","0.06","0.05"
"Eswatini"," Data source"," Spirits","0","0","0","0","0","0","0","0.13","0.02"
"Eswatini"," Data source"," Other alcoholic beverages","4.33","4.33","4.33","4.33","4.33","4.33","3.92","4.11","3.94"
"Ethiopia"," Data source"," All types","0.95","0.95","0.86","0.62","0.53","0.46","0.44","0.35","0.31"
"Ethiopia"," Data source"," Beer","0.92","0.92","0.82","0.58","0.50","0.43","0.41","0.32","0.28"
"Ethiopia"," Data source"," Wine","0.02","0.02","0.02","0.02","0.02","0.02","0.02","0.02","0.02"
"Ethiopia"," Data source"," Spirits","0.01","0.01","0.01","0.01","0.01","0.01","0.01","0.01","0.01"
"Ethiopia"," Data source"," Other alcoholic beverages","0.00","0.00","0.00","0.00","0.00","0.00","0.00","0.00","0.00"
"Fiji"," Data source"," All types","2.42","2.42","2.41","2.43","2.49","2.51","2.24","2.13","2.25"
"Fiji"," Data source"," Beer","1.52","1.52","1.53","1.54","1.66","1.64","1.57","1.49","1.35"
"Fiji"," Data source"," Wine","0.26","0.26","0.24","0.25","0.19","0.23","0.03","0.02","0.02"
"Fiji"," Data source"," Spirits","0.64","0.64","0.64","0.64","0.64","0.64","0.64","0.62","0.88"
"Fiji"," Data source"," Other alcoholic beverages","0","0","0","0","0","0","0","0.00","0.00"
"Finland"," Data source"," All types","8.37","8.37","8.44","8.52","8.76","9.08","9.27","9.81","9.72"
"Finland"," Data source"," Beer","3.97","4.04","4.11","4.13","4.17","4.28","4.27","4.61","4.47"
"Finland"," Data source"," Wine","1.72","1.75","1.74","1.75","1.80","1.84","1.89","1.89","1.86"
"Finland"," Data source"," Spirits","1.10","1.14","1.15","1.18","1.24","1.30","1.38","1.44","1.50"
"Finland"," Data source"," Other alcoholic beverages","1.58","1.44","1.43","1.45","1.54","1.65","1.74","1.87","1.89"
"France"," Data source"," All types","11.24","11.69","11.74","11.87","12.07","11.73","12.22","12.35","12.30"
"France"," Data source"," Beer","2.43","2.30","2.21","2.16","2.26","1.80","2.15","2.10","2.18"
"France"," Data source"," Wine","6.29","6.79","6.90","7.09","7.04","7.13","7.33","7.41","7.27"
"France"," Data source"," Spirits","2.35","2.41","2.43","2.42","2.47","2.50","2.54","2.64","2.65"
"France"," Data source"," Other alcoholic beverages","0.17","0.19","0.20","0.20","0.30","0.30","0.20","0.20","0.20"
"Gabon"," Data source"," All types","7.16","7.19","7.50","8.15","8.24","7.60","7.41","7.90","8.23"
"Gabon"," Data source"," Beer","5.66","5.66","5.87","6.37","6.39","5.52","5.24","5.28","5.51"
"Gabon"," Data source"," Wine","0.77","0.77","0.77","0.77","0.73","0.82","0.89","1.09","1.14"
"Gabon"," Data source"," Spirits","0.68","0.70","0.79","0.93","1.03","1.15","1.19","1.46","1.53"
"Gabon"," Data source"," Other alcoholic beverages","0.05","0.05","0.07","0.08","0.09","0.10","0.09","0.07","0.05"
"Gambia"," Data source"," All types","2.80","2.80","2.79","2.96","2.93","2.89","2.96","2.92","3.06"
"Gambia"," Data source"," Beer","0.14","0.14","0.14","0.25","0.25","0.22","0.21","0.17","0.16"
"Gambia"," Data source"," Wine","0.02","0.02","0.02","0.06","0.04","0.02","0.02","0.02","0.02"
"Gambia"," Data source"," Spirits","0","0","0","0","0","0","0","0.01","0.01"
"Gambia"," Data source"," Other alcoholic beverages","2.64","2.64","2.64","2.64","2.64","2.64","2.73","2.72","2.86"
"Georgia"," Data source"," All types","5.44","5.83","7.51","7.52","6.86","6.70","7.12","8.12","7.53"
"Georgia"," Data source"," Beer","1.64","1.64","1.41","1.41","1.39","1.38","1.28","1.95","1.42"
"Georgia"," Data source"," Wine","1.15","1.53","3.29","3.10","2.37","2.25","2.75","3.19","3.16"
"Georgia"," Data source"," Spirits","2.63","2.65","2.79","3.00","3.09","3.05","3.09","2.98","2.94"
"Georgia"," Data source"," Other alcoholic beverages","0.02","0.02","0.02","0.02","0.01","0.01","0.01","0.00","0.00"
"Germany"," Data source"," All types","10.81","10.81","10.93","11.05","11.06","11.07","11.31","11.32","11.21"
"Germany"," Data source"," Beer","5.64","5.64","5.75","5.87","5.87","5.88","6.00","6.01","6.21"
"Germany"," Data source"," Wine","3.11","3.11","3.11","3.11","3.11","3.11","3.23","3.24","3.22"
"Germany"," Data source"," Spirits","2.07","2.07","2.07","2.07","2.07","2.07","2.08","2.08","2.15"
"Germany"," Data source"," Other alcoholic beverages","0","0","0","0","0","0","0","0","0"
"Ghana"," Data source"," All types","1.56","1.67","1.62","1.84","1.88","1.89","1.91","1.84","1.73"
"Ghana"," Data source"," Beer","0.49","0.49","0.48","0.47","0.46","0.43","0.44","0.48","0.48"
"Ghana"," Data source"," Wine","0","0","0","0.10","0.08","0.15","0.24","0.21","0.18"
"Ghana"," Data source"," Spirits","0.42","0.43","0.47","0.55","0.58","0.44","0.41","0.38","0.36"
"Ghana"," Data source"," Other alcoholic beverages","0.65","0.75","0.66","0.72","0.76","0.87","0.82","0.77","0.72"
"Greece"," Data source"," All types","6.10","6.40","6.37","6.57","6.96","7.44","7.50","7.34","8.20"
"Greece"," Data source"," Beer","1.99","1.99","2.05","2.00","2.04","2.07","2.07","2.06","2.20"
"Greece"," Data source"," Wine","2.63","2.88","2.84","3.08","3.37","3.81","3.88","3.59","4.08"
"Greece"," Data source"," Spirits","1.40","1.44","1.40","1.41","1.46","1.47","1.46","1.59","1.80"
"Greece"," Data source"," Other alcoholic beverages","0.09","0.09","0.09","0.08","0.08","0.09","0.09","0.09","0.12"
"Grenada"," Data source"," All types","9.14","9.12","8.87","8.69","8.54","8.53","8.51","8.37","8.36"
"Grenada"," Data source"," Beer","3.78","3.78","3.63","3.57","3.56","3.58","3.57","3.55","3.55"
"Grenada"," Data source"," Wine","0.69","0.67","0.67","0.67","0.68","0.67","0.64","0.64","0.61"
"Grenada"," Data source"," Spirits","4.34","4.33","4.30","4.16","4.01","4.05","4.09","3.99","3.99"
"Grenada"," Data source"," Other alcoholic beverages","0.33","0.33","0.27","0.29","0.29","0.23","0.20","0.20","0.20"
"Guatemala"," Data source"," All types","1.62","1.60","1.59","1.64","1.68","1.82","1.90","2.04","2.02"
"Guatemala"," Data source"," Beer","0.90","0.90","0.91","0.90","0.94","0.93","0.93","0.86","0.83"
"Guatemala"," Data source"," Wine","0.03","0.03","0.03","0.03","0.03","0.03","0.03","0.03","0.03"
"Guatemala"," Data source"," Spirits","0.68","0.66","0.65","0.69","0.70","0.85","0.94","1.14","1.16"
"Guatemala"," Data source"," Other alcoholic beverages","0.01","0.01","0.01","0.01","0.01","0.01","0.01","0.01","0.01"
"Guinea"," Data source"," All types","0.31","0.31","0.35","0.37","0.31","0.24","0.23","0.22","0.20"
"Guinea"," Data source"," Beer","0.27","0.27","0.30","0.32","0.27","0.20","0.20","0.19","0.15"
"Guinea"," Data source"," Wine","0.03","0.03","0.03","0.03","0.03","0.03","0.03","0.02","0.03"
"Guinea"," Data source"," Spirits","0.01","0.01","0.01","0.01","0.01","0.01","0.01","0.01","0.01"
"Guinea"," Data source"," Other alcoholic beverages","0.00","0.00","0.00","0.00","0.00","0","0","0","0"
"Guinea-Bissau"," Data source"," All types","3.23","3.23","3.10","2.98","2.97","2.86","2.96","3.11","2.98"
"Guinea-Bissau"," Data source"," Beer","0.41","0.41","0.41","0.41","0.41","0.41","0.47","0.52","0.46"
"Guinea-Bissau"," Data source"," Wine","1.18","1.18","1.05","0.93","0.91","0.81","0.90","0.91","0.70"
"Guinea-Bissau"," Data source"," Spirits","0.41","0.41","0.41","0.41","0.41","0.41","0.42","0.55","0.55"
"Guinea-Bissau"," Data source"," Other alcoholic beverages","1.23","1.23","1.23","1.23","1.23","1.23","1.16","1.14","1.28"
"Guyana"," Data source"," All types","5.42","5.56","5.88","5.94","6.29","6.14","6.11","6.01","5.92"
"Guyana"," Data source"," Beer","2.60","2.60","2.60","2.53","2.53","2.49","2.44","2.36","2.28"
"Guyana"," Data source"," Wine","0.47","0.50","0.52","0.43","0.41","0.38","0.35","0.34","0.32"
"Guyana"," Data source"," Spirits","2.32","2.44","2.73","2.95","3.33","3.25","3.30","3.29","3.30"
"Guyana"," Data source"," Other alcoholic beverages","0.02","0.03","0.03","0.03","0.03","0.03","0.03","0.03","0.03"
"Haiti"," Data source"," All types","2.74","2.80","2.72","2.67","2.69","2.88","2.47","2.40","2.32"
"Haiti"," Data source"," Beer","0.13","0.13","0.13","0.13","0.13","0.13","0.13","0.12","0.11"
"Haiti"," Data source"," Wine","0.10","0.10","0.08","0.08","0.08","0.08","0.08","0.08","0.07"
"Haiti"," Data source"," Spirits","2.51","2.56","2.50","2.45","2.47","2.67","2.26","2.19","2.13"
"Haiti"," Data source"," Other alcoholic beverages","0.01","0.01","0.01","0.01","0.01","0.01","0.01","0.01","0.01"
"Honduras"," Data source"," All types","2.73","2.68","2.54","2.51","2.43","2.69","2.70","2.72","2.69"
"Honduras"," Data source"," Beer","1.49","1.49","1.34","1.22","1.14","1.14","1.13","1.12","1.08"
"Honduras"," Data source"," Wine","0.02","0.02","0.02","0.03","0.02","0.02","0.03","0.03","0.03"
"Honduras"," Data source"," Spirits","1.21","1.16","1.17","1.25","1.26","1.52","1.54","1.56","1.59"
"Honduras"," Data source"," Other alcoholic beverages","0.00","0.00","0.00","0.00","0.00","0.00","0.00","0.00","0.00"
"Hungary"," Data source"," All types","10.79","10.79","11.28","10.95","10.92","10.73","11.13","11.37","10.70"
"Hungary"," Data source"," Beer","3.96","3.96","3.93","3.92","3.90","3.78","4.08","4.05","3.90"
"Hungary"," Data source"," Wine","3.33","3.33","3.61","3.40","2.93","3.20","3.19","3.51","3.16"
"Hungary"," Data source"," Spirits","3.50","3.50","3.74","3.62","4.09","3.74","3.86","3.81","3.64"
"Hungary"," Data source"," Other alcoholic beverages","0","0","0","0","0","0","0","0","0"
"Iceland"," Data source"," All types","7.72","7.75","7.50","7.66","7.01","6.80","6.82","6.84","6.79"
"Iceland"," Data source"," Beer","4.39","4.42","4.24","4.26","3.86","3.74","3.77","3.68","3.71"
"Iceland"," Data source"," Wine","2.11","2.14","2.09","2.15","2.02","1.96","1.95","1.90","1.87"
"Iceland"," Data source"," Spirits","1.22","1.19","1.16","1.25","1.13","1.10","1.10","1.26","1.21"
"Iceland"," Data source"," Other alcoholic beverages","0","0","0","0","0","0","0","0","0"
"India"," Data source"," All types","3.05","2.86","2.97","3.01","3.01","3.05","3.06","2.96","2.74"
"India"," Data source"," Beer","0.22","0.22","0.23","0.21","0.20","0.20","0.19","0.18","0.17"
"India"," Data source"," Wine","0.00","0.00","0.00","0.00","0.00","0.00","0.00","0.00","0.00"
"India"," Data source"," Spirits","2.83","2.64","2.74","2.80","2.81","2.85","2.87","2.78","2.57"
"India"," Data source"," Other alcoholic beverages","0.00","0.00","0.00","0.00","0.00","0.00","0.00","0.00","0.00"
"Indonesia"," Data source"," All types","0.08","0.08","0.08","0.08","0.09","0.09","0.08","0.08","0.08"
"Indonesia"," Data source"," Beer","0.06","0.06","0.07","0.06","0.07","0.07","0.06","0.06","0.06"
"Indonesia"," Data source"," Wine","0.00","0.00","0.00","0.00","0.00","0.00","0.00","0.00","0.00"
"Indonesia"," Data source"," Spirits","0.01","0.01","0.01","0.01","0.01","0.01","0.01","0.01","0.01"
"Indonesia"," Data source"," Other alcoholic beverages","0.00","0.00","0.00","0.00","0.00","0.00","0.00","0.00","0.00"
"Iran (Islamic Republic of)"," Data source"," All types","0.03","0.03","0.02","0.01","0.01","0.01","0.02","0.03","0.03"
"Iran (Islamic Republic of)"," Data source"," Beer","0","0","0","0","0","0","0","0","0"
"Iran (Islamic Republic of)"," Data source"," Wine","0","0","0","0","0","0","0","0.00","0.00"
"Iran (Islamic Republic of)"," Data source"," Spirits","0.03","0.03","0.02","0.01","0.01","0.01","0.02","0.03","0.03"
"Iran (Islamic Republic of)"," Data source"," Other alcoholic beverages","0.00","0.00","0.00","0.00","0.00","0.00","0.00","0.00","0.00"
"Iraq"," Data source"," All types","0.17","0.17","0.16","0.14","0.15","0.17","0.20","0.18","0.19"
"Iraq"," Data source"," Beer","0.12","0.12","0.11","0.09","0.10","0.12","0.14","0.12","0.14"
"Iraq"," Data source"," Wine","0.00","0.00","0.00","0.00","0.01","0.01","0.01","0.01","0.00"
"Iraq"," Data source"," Spirits","0.05","0.04","0.05","0.05","0.04","0.04","0.05","0.05","0.04"
"Iraq"," Data source"," Other alcoholic beverages","0.00","0.00","0.00","0.00","0.00","0.00","0.00","0.00","0.00"
"Ireland"," Data source"," All types","11.20","11.12","11.22","10.68","10.73","10.35","11.20","11.30","11.38"
"Ireland"," Data source"," Beer","5.12","5.04","5.19","5.04","5.12","4.92","5.23","5.31","5.48"
"Ireland"," Data source"," Wine","2.90","2.99","3.01","2.85","2.79","2.61","2.86","2.91","2.86"
"Ireland"," Data source"," Spirits","2.32","2.22","2.16","2.00","1.96","1.98","2.24","2.19","2.13"
"Ireland"," Data source"," Other alcoholic beverages","0.85","0.86","0.85","0.79","0.85","0.84","0.87","0.90","0.90"
"Israel"," Data source"," All types","2.99","2.98","2.69","2.71","2.69","2.87","2.85","2.78","2.74"
"Israel"," Data source"," Beer","1.74","1.74","1.50","1.56","1.52","1.51","1.43","1.38","1.32"
"Israel"," Data source"," Wine","0.07","0.07","0.07","0.07","0.07","0.10","0.12","0.13","0.13"
"Israel"," Data source"," Spirits","1.13","1.13","1.09","1.04","1.05","1.21","1.25","1.21","1.24"
"Israel"," Data source"," Other alcoholic beverages","0.04","0.04","0.04","0.04","0.04","0.05","0.05","0.05","0.06"
"Italy"," Data source"," All types","7.81","7.37","7.10","7.14","7.33","7.34","7.48","6.97","6.95"
"Italy"," Data source"," Beer","1.94","1.88","1.82","1.79","1.69","1.70","1.70","1.69","1.66"
"Italy"," Data source"," Wine","5.08","4.71","4.58","4.62","4.85","4.85","4.99","4.45","4.45"
"Italy"," Data source"," Spirits","0.79","0.79","0.69","0.74","0.79","0.79","0.79","0.84","0.84"
"Italy"," Data source"," Other alcoholic beverages","0","0","0","0","0","0","0","0","0"
"Jamaica"," Data source"," All types","3.63","3.47","3.38","3.48","3.42","3.44","3.37","3.35","3.37"
"Jamaica"," Data source"," Beer","1.24","1.24","1.21","1.12","1.06","1.03","1.00","1.00","0.98"
"Jamaica"," Data source"," Wine","0.36","0.35","0.34","0.38","0.39","0.42","0.45","0.47","0.57"
"Jamaica"," Data source"," Spirits","1.69","1.57","1.57","1.78","1.81","1.84","1.78","1.75","1.70"
"Jamaica"," Data source"," Other alcoholic beverages","0.35","0.30","0.26","0.20","0.17","0.15","0.14","0.13","0.13"
"Japan"," Data source"," All types","6.82","6.80","6.82","6.85","6.71","6.96","6.83","6.86","6.88"
"Japan"," Data source"," Beer","1.35","1.34","1.35","1.35","1.33","1.38","1.35","1.35","1.36"
"Japan"," Data source"," Wine","0.25","0.25","0.25","0.25","0.25","0.25","0.25","0.25","0.25"
"Japan"," Data source"," Spirits","2.59","2.58","2.58","2.60","2.54","2.64","2.59","2.60","2.61"
"Japan"," Data source"," Other alcoholic beverages","2.64","2.63","2.64","2.65","2.60","2.69","2.64","2.65","2.66"
"Jordan"," Data source"," All types","0.28","0.30","0.32","0.32","0.37","0.37","0.38","0.40","0.48"
"Jordan"," Data source"," Beer","0.06","0.06","0.07","0.05","0.06","0.05","0.05","0.04","0.09"
"Jordan"," Data source"," Wine","0.02","0.02","0.02","0.02","0.02","0.02","0.02","0.02","0.02"
"Jordan"," Data source"," Spirits","0.20","0.22","0.22","0.24","0.29","0.29","0.31","0.33","0.36"
"Jordan"," Data source"," Other alcoholic beverages","0.00","0.00","0.00","0.01","0.01","0.01","0.01","0.01","0.01"
"Kazakhstan"," Data source"," All types","3.66","3.66","3.55","3.30","3.61","3.76","3.69","3.38","3.90"
"Kazakhstan"," Data source"," Beer","2.15","2.15","1.94","1.83","1.90","1.80","1.89","1.69","1.99"
"Kazakhstan"," Data source"," Wine","0.16","0.16","0.10","0.09","0.07","0.06","0.05","0.05","0.07"
"Kazakhstan"," Data source"," Spirits","1.35","1.35","1.51","1.38","1.55","1.90","1.75","1.64","1.84"
"Kazakhstan"," Data source"," Other alcoholic beverages","0","0","0","0","0.09","0","0","0","0"
"Kenya"," Data source"," All types","1.71","1.65","1.63","1.53","1.38","1.57","1.53","1.51","1.55"
"Kenya"," Data source"," Beer","0.80","0.80","0.77","0.72","0.62","0.90","0.94","0.91","0.96"
"Kenya"," Data source"," Wine","0.03","0.03","0.03","0.03","0.03","0.04","0.03","0.03","0.03"
"Kenya"," Data source"," Spirits","0.85","0.80","0.81","0.77","0.72","0.62","0.55","0.56","0.56"
"Kenya"," Data source"," Other alcoholic beverages","0.03","0.02","0.01","0.01","0.01","0.01","0.01","0.01","0.01"
"Kiribati"," Data source"," All types","0.36","0.36","0.38","0.37","0.50","0.75","0.37","0.52","0.46"
"Kiribati"," Data source"," Beer","0.36","0.36","0.36","0.36","0.36","0.71","0.37","0.44","0.46"
"Kiribati"," Data source"," Wine","0.01","0.01","0.02","0.01","0.15","0.03","0.01","0.00","0.00"
"Kiribati"," Data source"," Spirits","0","0","0","0","0","0","0","0.08","0"
"Kiribati"," Data source"," Other alcoholic beverages","0","0","0","0","0","0","0","0","0.00"
"Kuwait"," Data source"," All types","0.01","0.01","0.01","0.01","0.01","0.01","0.01","0.01","0.01"
"Kuwait"," Data source"," Beer","0","0","0","0","0","0","0","0.00","0"
"Kuwait"," Data source"," Wine","0.00","0.00","0.00","0.00","0.00","0.00","0.00","0.00","0.00"
"Kuwait"," Data source"," Spirits","0.01","0.01","0.01","0.01","0.01","0.01","0.01","0.01","0.01"
"Kuwait"," Data source"," Other alcoholic beverages","0.00","0.00","0.00","0.00","0.00","0.00","0.00","0.00","0.00"
"Kyrgyzstan"," Data source"," All types","3.88","4.11","4.57","4.72","5.60","5.74","5.83","6.03","6.09"
"Kyrgyzstan"," Data source"," Beer","0.52","0.52","0.58","0.60","0.58","0.56","0.55","0.58","0.54"
"Kyrgyzstan"," Data source"," Wine","0.08","0.08","0.08","0.07","0.08","0.10","0.08","0.08","0.08"
"Kyrgyzstan"," Data source"," Spirits","3.28","3.51","3.91","4.05","4.93","5.08","5.19","5.36","5.47"
"Kyrgyzstan"," Data source"," Other alcoholic beverages","0.00","0.00","0.00","0.00","0.00","0.00","0.00","0.00","0.00"
"Lao People's Democratic Republic"," Data source"," All types","7.26","7.26","7.11","6.84","6.64","6.42","6.30","6.26","6.05"
"Lao People's Democratic Republic"," Data source"," Beer","3.85","3.85","3.70","3.43","3.23","3.01","2.82","2.61","2.43"
"Lao People's Democratic Republic"," Data source"," Wine","0.02","0.02","0.02","0.02","0.02","0.02","0.02","0.02","0.01"
"Lao People's Democratic Republic"," Data source"," Spirits","3.39","3.39","3.39","3.39","3.39","3.39","3.46","3.63","3.61"
"Lao People's Democratic Republic"," Data source"," Other alcoholic beverages","0","0","0","0","0","0","0","0.00","0.00"
"Latvia"," Data source"," All types","12.60","12.60","11.30","10.80","10.60","10.43","10.20","10.11","9.83"
"Latvia"," Data source"," Beer","5.30","5.30","4.80","4.80","4.80","4.70","4.67","4.86","4.61"
"Latvia"," Data source"," Wine","1.40","1.40","1.30","1.20","1.20","1.10","1.16","1.13","1.05"
"Latvia"," Data source"," Spirits","5.10","5.10","4.50","4.10","4.00","3.99","3.77","3.57","3.64"
"Latvia"," Data source"," Other alcoholic beverages","0.80","0.80","0.70","0.70","0.60","0.64","0.60","0.55","0.53"
"Lebanon"," Data source"," All types","1.33","1.32","1.27","1.24","1.27","1.27","1.33","1.41","1.50"
"Lebanon"," Data source"," Beer","0.44","0.44","0.41","0.38","0.37","0.30","0.32","0.35","0.41"
"Lebanon"," Data source"," Wine","0.24","0.24","0.25","0.25","0.24","0.25","0.24","0.22","0.22"
"Lebanon"," Data source"," Spirits","0.63","0.62","0.59","0.59","0.64","0.69","0.75","0.82","0.85"
"Lebanon"," Data source"," Other alcoholic beverages","0.02","0.02","0.02","0.02","0.02","0.02","0.02","0.02","0.02"
"Lesotho"," Data source"," All types","2.82","2.82","2.89","2.81","2.60","2.58","2.46","2.40","2.80"
"Lesotho"," Data source"," Beer","1.62","1.62","1.69","1.61","1.40","1.38","1.40","1.47","1.46"
"Lesotho"," Data source"," Wine","0.09","0.09","0.09","0.09","0.09","0.09","0","0.01","0.01"
"Lesotho"," Data source"," Spirits","0.30","0.30","0.30","0.30","0.30","0.30","0.60","0.58","0.59"
"Lesotho"," Data source"," Other alcoholic beverages","0.81","0.81","0.81","0.81","0.81","0.81","0.45","0.35","0.74"
"Liberia"," Data source"," All types","3.55","3.55","3.53","3.52","3.47","3.73","3.76","3.75","3.64"
"Liberia"," Data source"," Beer","0.37","0.37","0.36","0.33","0.31","0.56","0.53","0.49","0.33"
"Liberia"," Data source"," Wine","0.05","0.05","0.05","0.06","0.03","0.05","0.03","0.05","0.03"
"Liberia"," Data source"," Spirits","3.11","3.11","3.11","3.11","3.11","3.11","3.19","3.19","3.29"
"Liberia"," Data source"," Other alcoholic beverages","0.02","0.02","0.02","0.02","0.02","0.02","0","0.02","0"
"Libya"," Data source"," All types","0.01","0.01","0.00","0.01","0.03","0.01","0.02","0.00","0.01"
"Libya"," Data source"," Beer","0.00","0.00","0.00","0.00","0.00","0.00","0.00","0","0.00"
"Libya"," Data source"," Wine","0.01","0.01","0.00","0.01","0.03","0.01","0.01","0","0.00"
"Libya"," Data source"," Spirits","0.00","0.00","0.00","0.00","0.00","0","0.01","0.00","0.00"
"Libya"," Data source"," Other alcoholic beverages","0","0","0","0","0","0","0","0.00","0.00"
"Lithuania"," Data source"," All types","11.49","11.96","13.39","14.20","14.93","14.75","14.87","14.72","13.22"
"Lithuania"," Data source"," Beer","4.47","4.72","5.10","5.36","5.46","5.26","5.60","5.77","5.46"
"Lithuania"," Data source"," Wine","0.80","0.81","1.04","1.14","1.51","1.49","1.44","1.35","1.10"
"Lithuania"," Data source"," Spirits","4.75","4.97","5.51","5.78","5.82","5.74","5.63","5.51","4.65"
"Lithuania"," Data source"," Other alcoholic beverages","1.46","1.46","1.73","1.92","2.13","2.26","2.21","2.09","2.01"
"Luxembourg"," Data source"," All types","10.94","11.16","11.24","11.36","11.41","11.25","11.66","11.74","11.84"
"Luxembourg"," Data source"," Beer","4.03","3.97","3.98","4.02","4.07","3.84","4.08","4.05","4.19"
"Luxembourg"," Data source"," Wine","4.70","4.95","5.00","5.10","5.07","5.12","5.28","5.32","5.25"
"Luxembourg"," Data source"," Spirits","2.21","2.24","2.25","2.25","2.27","2.29","2.31","2.36","2.40"
"Luxembourg"," Data source"," Other alcoholic beverages","0","0","0","0","0","0","0","0","0"
"Madagascar"," Data source"," All types","0.91","0.91","0.89","0.88","0.78","0.85","0.86","0.90","0.96"
"Madagascar"," Data source"," Beer","0.50","0.50","0.48","0.46","0.44","0.42","0.45","0.50","0.53"
"Madagascar"," Data source"," Wine","0.07","0.07","0.07","0.08","0.08","0.08","0.10","0.10","0.10"
"Madagascar"," Data source"," Spirits","0.34","0.34","0.34","0.34","0.26","0.34","0.31","0.30","0.33"
"Madagascar"," Data source"," Other alcoholic beverages","0.00","0.00","0.00","0.00","0.00","0.00","0.00","0.00","0"
"Malawi"," Data source"," All types","2.00","2.00","2.00","1.99","1.94","1.94","1.79","1.81","1.63"
"Malawi"," Data source"," Beer","0.17","0.17","0.18","0.17","0.16","0.16","0.16","0.15","0.15"
"Malawi"," Data source"," Wine","0.02","0.02","0.02","0.02","0.01","0.02","0.02","0.02","0.02"
"Malawi"," Data source"," Spirits","0.19","0.19","0.19","0.19","0.10","0.22","0.27","0.16","0.17"
"Malawi"," Data source"," Other alcoholic beverages","1.61","1.61","1.61","1.61","1.67","1.54","1.34","1.48","1.29"
"Malaysia"," Data source"," All types","0.58","0.58","0.59","0.54","0.55","0.56","0.57","0.55","0.52"
"Malaysia"," Data source"," Beer","0.43","0.43","0.43","0.39","0.39","0.40","0.41","0.39","0.38"
"Malaysia"," Data source"," Wine","0.04","0.04","0.04","0.04","0.04","0.04","0.04","0.04","0.03"
"Malaysia"," Data source"," Spirits","0.10","0.11","0.11","0.11","0.11","0.11","0.11","0.11","0.10"
"Malaysia"," Data source"," Other alcoholic beverages","0.01","0.01","0.01","0.01","0.01","0.01","0.01","0.01","0.01"
"Maldives"," Data source"," All types","1.11","1.11","1.12","1.09","1.12","1.15","1.14","1.64","1.50"
"Maldives"," Data source"," Beer","0.33","0.33","0.33","0.33","0.33","0.33","0.34","0.42","0.42"
"Maldives"," Data source"," Wine","0.44","0.44","0.45","0.42","0.44","0.48","0.46","0.51","0.43"
"Maldives"," Data source"," Spirits","0.34","0.34","0.34","0.34","0.34","0.34","0.34","0.71","0.65"
"Maldives"," Data source"," Other alcoholic beverages","0","0","0","0","0","0","0","0.00","0.00"
"Mali"," Data source"," All types","0.59","0.59","0.58","0.59","0.58","0.59","0.62","0.61","0.59"
"Mali"," Data source"," Beer","0.10","0.10","0.09","0.09","0.10","0.09","0.08","0.08","0.07"
"Mali"," Data source"," Wine","0.01","0.01","0.01","0.01","0.01","0.01","0.01","0.01","0.01"
"Mali"," Data source"," Spirits","0","0","0","0","0","0","0","0.02","0.02"
"Mali"," Data source"," Other alcoholic beverages","0.48","0.48","0.48","0.48","0.48","0.49","0.53","0.50","0.49"
"Malta"," Data source"," All types","7.87","7.78","7.51","7.29","7.37","7.37","7.20","6.89","6.98"
"Malta"," Data source"," Beer","2.83","2.83","2.82","2.80","2.80","2.79","2.78","2.78","2.77"
"Malta"," Data source"," Wine","2.33","2.33","2.16","2.02","2.12","2.08","2.15","1.99","2.22"
"Malta"," Data source"," Spirits","2.31","2.24","2.16","2.12","2.06","2.13","1.94","1.81","1.68"
"Malta"," Data source"," Other alcoholic beverages","0.40","0.38","0.37","0.36","0.39","0.37","0.34","0.31","0.31"
"Mauritania"," Data source"," All types","0.00","0.00","0.00","0.00","0.00","0.00","0.00","0.01","0.01"
"Mauritania"," Data source"," Beer","0","0","0","0","0","0","0","0.00","0.00"
"Mauritania"," Data source"," Wine","0.00","0.00","0.00","0.00","0.00","0.00","0.00","0.00","0.00"
"Mauritania"," Data source"," Spirits","0","0","0","0","0","0","0","0.00","0.00"
"Mauritania"," Data source"," Other alcoholic beverages","0","0","0","0","0","0","0","0.00","0"
"Mauritius"," Data source"," All types","3.09","3.10","3.07","2.61","2.82","2.98","2.97","3.04","2.96"
"Mauritius"," Data source"," Beer","1.88","1.88","1.83","1.41","1.68","1.85","1.84","1.84","1.80"
"Mauritius"," Data source"," Wine","0.39","0.40","0.41","0.38","0.31","0.30","0.30","0.31","0.35"
"Mauritius"," Data source"," Spirits","0.79","0.79","0.79","0.79","0.79","0.80","0.81","0.87","0.78"
"Mauritius"," Data source"," Other alcoholic beverages","0.03","0.03","0.03","0.03","0.03","0.03","0.03","0.02","0.02"
"Mexico"," Data source"," All types","4.25","4.25","4.25","4.24","3.94","3.81","3.86","4.00","4.05"
"Mexico"," Data source"," Beer","3.72","3.72","3.72","3.59","3.38","3.28","3.41","3.53","3.53"
"Mexico"," Data source"," Wine","0.19","0.19","0.19","0.20","0.18","0.20","0.19","0.18","0.18"
"Mexico"," Data source"," Spirits","0.19","0.19","0.19","0.24","0.24","0.19","0.12","0.18","0.23"
"Mexico"," Data source"," Other alcoholic beverages","0.15","0.15","0.15","0.21","0.15","0.14","0.13","0.11","0.11"
"Micronesia (Federated States of)"," Data source"," All types","1.59","1.59","1.59","1.59","1.59","1.67","2.98","1.91","1.78"
"Micronesia (Federated States of)"," Data source"," Beer","0.92","0.92","0.92","0.92","0.92","0.89","1.03","0.90","0.86"
"Micronesia (Federated States of)"," Data source"," Wine","0.13","0.13","0.13","0.13","0.13","0.27","1.38","0.47","0.31"
"Micronesia (Federated States of)"," Data source"," Spirits","0.52","0.52","0.52","0.52","0.52","0.50","0.56","0.51","0.60"
"Micronesia (Federated States of)"," Data source"," Other alcoholic beverages","0.01","0.01","0.01","0.01","0.01","0.01","0.01","0.02","0.01"
"Mongolia"," Data source"," All types","5.77","6.24","6.90","8.40","9.93","12.64","7.55","6.66","7.74"
"Mongolia"," Data source"," Beer","2.25","2.05","2.16","2.14","2.13","2.34","2.30","1.97","1.61"
"Mongolia"," Data source"," Wine","1.59","1.37","1.34","1.20","1.39","1.44","1.58","1.53","1.23"
"Mongolia"," Data source"," Spirits","1.93","2.82","3.40","5.06","6.41","8.85","3.67","3.17","4.90"
"Mongolia"," Data source"," Other alcoholic beverages","0","0","0","0","0","0","0","0","0"
"Montenegro"," Data source"," All types","9.29","9.18","8.97","8.34","8.44","9.51","9.25","8.91","9.83"
"Montenegro"," Data source"," Beer","3.45","3.45","3.45","3.45","3.53","3.88","4.21","3.94","4.14"
"Montenegro"," Data source"," Wine","2.56","2.56","2.45","1.98","2.09","2.89","2.41","2.41","3.22"
"Montenegro"," Data source"," Spirits","3.15","3.04","2.93","2.78","2.66","2.57","2.48","2.40","2.31"
"Montenegro"," Data source"," Other alcoholic beverages","0.13","0.13","0.13","0.13","0.17","0.16","0.14","0.16","0.17"
"Morocco"," Data source"," All types","0.43","0.43","0.40","0.39","0.41","0.45","0.46","0.46","0.47"
"Morocco"," Data source"," Beer","0.17","0.17","0.16","0.16","0.15","0.17","0.18","0.18","0.20"
"Morocco"," Data source"," Wine","0.18","0.18","0.17","0.17","0.19","0.20","0.20","0.19","0.18"
"Morocco"," Data source"," Spirits","0.08","0.07","0.07","0.06","0.07","0.07","0.08","0.09","0.09"
"Morocco"," Data source"," Other alcoholic beverages","0","0","0","0","0","0","0","0","0"
"Mozambique"," Data source"," All types","1.24","1.24","1.25","1.22","1.06","0.99","0.99","0.93","0.84"
"Mozambique"," Data source"," Beer","1.00","1.00","1.01","0.96","0.81","0.74","0.72","0.68","0.61"
"Mozambique"," Data source"," Wine","0.03","0.05","0.08","0.09","0.09","0.09","0.11","0.11","0.10"
"Mozambique"," Data source"," Spirits","0.21","0.19","0.15","0.17","0.17","0.16","0.15","0.13","0.13"
"Mozambique"," Data source"," Other alcoholic beverages","0.01","0.01","0.01","0.01","0.01","0.00","0.00","0.00","0.00"
"Myanmar"," Data source"," All types","1.78","1.75","1.60","1.46","1.36","1.31","1.24","1.09","0.97"
"Myanmar"," Data source"," Beer","0.45","0.45","0.42","0.37","0.32","0.28","0.24","0.18","0.15"
"Myanmar"," Data source"," Wine","0.00","0.00","0.00","0.00","0.00","0.00","0.00","0.00","0.00"
"Myanmar"," Data source"," Spirits","1.33","1.30","1.18","1.09","1.04","1.03","1.00","0.92","0.82"
"Myanmar"," Data source"," Other alcoholic beverages","0.00","0.00","0.00","0.00","0.00","0.00","0.00","0.00","0.00"
"Namibia"," Data source"," All types","4.30","4.45","4.33","4.17","3.98","3.71","3.52","1.50","1.33"
"Namibia"," Data source"," Beer","1.30","1.30","1.26","1.19","1.18","1.14","1.14","1.07","1.04"
"Namibia"," Data source"," Wine","2.05","2.10","1.93","1.79","1.62","1.46","1.34","0.06","0.06"
"Namibia"," Data source"," Spirits","0.57","0.62","0.67","0.71","0.72","0.67","0.64","0.22","0.07"
"Namibia"," Data source"," Other alcoholic beverages","0.37","0.44","0.47","0.48","0.46","0.43","0.40","0.15","0.15"
"Nauru"," Data source"," All types","2.17","2.17","2.17","2.17","2.17","2.17","3.20","3.98","4.25"
"Nauru"," Data source"," Beer","0.48","0.48","0.48","0.48","0.48","0.48","0.44","1.63","1.67"
"Nauru"," Data source"," Wine","0.08","0.08","0.08","0.08","0.08","0.08","0.20","0.05","0.23"
"Nauru"," Data source"," Spirits","1.61","1.61","1.61","1.61","1.61","1.61","2.56","2.30","2.35"
"Nauru"," Data source"," Other alcoholic beverages","0","0","0","0","0","0","0","0","0"
"Nepal"," Data source"," All types","0.32","0.32","0.29","0.28","0.28","0.27","0.25","0.24","0.23"
"Nepal"," Data source"," Beer","0.22","0.22","0.19","0.18","0.17","0.15","0.13","0.12","0.10"
"Nepal"," Data source"," Wine","0.00","0.00","0.00","0.00","0.00","0.00","0.00","0.00","0.00"
"Nepal"," Data source"," Spirits","0.10","0.10","0.10","0.10","0.10","0.12","0.12","0.12","0.12"
"Nepal"," Data source"," Other alcoholic beverages","0","0","0","0","0","0","0.00","0.00","0.00"
"Netherlands"," Data source"," All types","8.34","8.34","8.30","8.30","8.39","8.58","9.06","9.00","9.07"
"Netherlands"," Data source"," Beer","4.00","4.02","4.05","4.04","4.12","4.20","4.37","4.34","4.36"
"Netherlands"," Data source"," Wine","2.94","2.94","2.89","2.94","2.95","2.87","3.16","3.17","3.18"
"Netherlands"," Data source"," Spirits","1.41","1.38","1.35","1.32","1.32","1.52","1.52","1.49","1.53"
"Netherlands"," Data source"," Other alcoholic beverages","0","0","0","0","0","0","0","0","0"
"New Zealand"," Data source"," All types","9.12","9.06","9.02","8.68","8.98","9.12","9.17","9.45","9.62"
"New Zealand"," Data source"," Beer","3.39","3.34","3.37","3.28","3.33","3.45","3.38","3.65","3.68"
"New Zealand"," Data source"," Wine","2.94","3.02","3.01","2.91","3.13","3.01","3.00","3.01","3.23"
"New Zealand"," Data source"," Spirits","1.56","1.49","1.49","1.40","1.47","1.52","1.52","1.53","1.52"
"New Zealand"," Data source"," Other alcoholic beverages","1.23","1.20","1.14","1.10","1.05","1.15","1.26","1.26","1.20"
"Nicaragua"," Data source"," All types","3.81","3.89","3.81","3.73","3.55","3.56","3.61","3.36","3.35"
"Nicaragua"," Data source"," Beer","1.61","1.61","1.53","1.45","1.38","1.35","1.32","1.32","1.32"
"Nicaragua"," Data source"," Wine","0.02","0.03","0.03","0.03","0.03","0.02","0.02","0.02","0.02"
"Nicaragua"," Data source"," Spirits","2.18","2.24","2.25","2.25","2.13","2.19","2.26","2.02","2.01"
"Nicaragua"," Data source"," Other alcoholic beverages","0.00","0.01","0.00","0.00","0.00","0.00","0.00","0.00","0.00"
"Niger"," Data source"," All types","0.13","0.13","0.13","0.13","0.13","0.10","0.16","0.13","0.11"
"Niger"," Data source"," Beer","0.04","0.04","0.05","0.05","0.05","0.04","0.05","0.05","0.05"
"Niger"," Data source"," Wine","0.02","0.02","0.01","0.01","0.01","0.01","0.02","0.01","0.01"
"Niger"," Data source"," Spirits","0.07","0.07","0.07","0.07","0.06","0.04","0.09","0.07","0.05"
"Niger"," Data source"," Other alcoholic beverages","0.00","0.00","0.00","0.00","0.00","0","0","0","0"
"Nigeria"," Data source"," All types","7.79","7.79","7.82","7.83","8.05","9.71","9.98","10.22","10.40"
"Nigeria"," Data source"," Beer","0.73","0.73","0.77","0.77","0.77","0.77","0.76","0.75","0.71"
"Nigeria"," Data source"," Wine","0.04","0.04","0.03","0.04","0.05","0.06","0.06","0.05","0.04"
"Nigeria"," Data source"," Spirits","0.06","0.06","0.06","0.06","0.08","0.06","0.06","0.06","0.09"
"Nigeria"," Data source"," Other alcoholic beverages","6.96","6.96","6.96","6.96","7.14","8.83","9.11","9.35","9.56"
"Niue"," Data source"," All types","9.11","9.11","9.22","8.80","8.39","8.61","9.73","7.41","5.01"
"Niue"," Data source"," Beer","4.60","4.60","4.60","4.60","4.60","4.60","2.33","3.18","1.71"
"Niue"," Data source"," Wine","2.01","2.01","2.12","1.70","1.29","1.50","1.66","2.07","1.14"
"Niue"," Data source"," Spirits","2.50","2.50","2.50","2.50","2.50","2.50","5.74","2.15","2.16"
"Niue"," Data source"," Other alcoholic beverages","0","0","0","0","0","0","0","0","0"
"Norway"," Data source"," All types","6.02","6.00","6.03","5.97","6.06","6.21","6.21","6.44","6.59"
"Norway"," Data source"," Beer","2.66","2.63","2.65","2.57","2.62","2.68","2.67","2.83","2.91"
"Norway"," Data source"," Wine","2.20","2.19","2.21","2.22","2.25","2.30","2.29","2.30","2.29"
"Norway"," Data source"," Spirits","0.97","1.01","1.01","1.03","1.04","1.09","1.11","1.18","1.25"
"Norway"," Data source"," Other alcoholic beverages","0.19","0.17","0.16","0.15","0.15","0.14","0.14","0.13","0.14"
"Oman"," Data source"," All types","0.40","0.40","0.40","0.42","0.43","0.45","0.49","0.50","0.51"
"Oman"," Data source"," Beer","0.16","0.16","0.17","0.17","0.17","0.18","0.19","0.20","0.20"
"Oman"," Data source"," Wine","0.02","0.02","0.01","0.01","0.01","0.01","0.03","0.02","0.03"
"Oman"," Data source"," Spirits","0.21","0.22","0.23","0.24","0.24","0.26","0.28","0.28","0.28"
"Oman"," Data source"," Other alcoholic beverages","0.01","0.01","0.00","0.00","0.00","0.00","0.00","0.00","0.00"
"Pakistan"," Data source"," All types","0.05","0.05","0.05","0.04","0.04","0.05","0.03","0.04","0.04"
"Pakistan"," Data source"," Beer","0.00","0.00","0.00","0.00","0.00","0.00","0.00","0.00","0.00"
"Pakistan"," Data source"," Wine","0.00","0.00","0.00","0.00","0.00","0.02","0.00","0.00","0.00"
"Pakistan"," Data source"," Spirits","0.04","0.04","0.04","0.04","0.03","0.03","0.03","0.03","0.03"
"Pakistan"," Data source"," Other alcoholic beverages","0.00","0.00","0.00","0.00","0.00","0.00","0.00","0.00","0.00"
"Panama"," Data source"," All types","6.92","6.89","6.70","6.92","6.34","6.26","6.25","6.22","6.16"
"Panama"," Data source"," Beer","5.42","5.42","5.14","5.36","4.79","4.43","4.27","4.21","4.10"
"Panama"," Data source"," Wine","0.25","0.25","0.25","0.24","0.24","0.25","0.25","0.25","0.24"
"Panama"," Data source"," Spirits","1.24","1.20","1.30","1.31","1.29","1.56","1.71","1.74","1.80"
"Panama"," Data source"," Other alcoholic beverages","0.02","0.02","0.02","0.02","0.02","0.02","0.02","0.02","0.01"
"Papua New Guinea"," Data source"," All types","0.80","0.80","0.80","0.75","0.76","0.82","0.97","0.84","0.75"
"Papua New Guinea"," Data source"," Beer","0.69","0.69","0.70","0.65","0.70","0.76","0.90","0.81","0.72"
"Papua New Guinea"," Data source"," Wine","0.06","0.06","0.05","0.06","0.02","0.02","0.03","0.02","0.01"
"Papua New Guinea"," Data source"," Spirits","0.05","0.05","0.05","0.05","0.05","0.05","0.04","0.00","0.01"
"Papua New Guinea"," Data source"," Other alcoholic beverages","0","0","0","0","0","0","0","0","0"
"Paraguay"," Data source"," All types","6.02","6.00","5.85","5.62","5.86","5.64","5.81","6.15","6.29"
"Paraguay"," Data source"," Beer","3.24","3.24","3.15","3.13","3.17","3.20","3.21","3.32","3.28"
"Paraguay"," Data source"," Wine","1.10","1.10","1.01","0.80","0.92","0.64","0.79","0.96","1.14"
"Paraguay"," Data source"," Spirits","1.60","1.59","1.63","1.63","1.70","1.74","1.76","1.83","1.83"
"Paraguay"," Data source"," Other alcoholic beverages","0.07","0.07","0.06","0.06","0.06","0.05","0.05","0.05","0.04"
"Peru"," Data source"," All types","5.30","5.30","5.31","5.30","5.26","5.12","5.21","5.09","5.13"
"Peru"," Data source"," Beer","3.06","3.06","3.07","3.06","3.09","3.07","3.19","3.09","3.13"
"Peru"," Data source"," Wine","0.43","0.43","0.43","0.43","0.43","0.42","0.41","0.37","0.35"
"Peru"," Data source"," Spirits","1.80","1.80","1.80","1.80","1.73","1.62","1.61","1.62","1.65"
"Peru"," Data source"," Other alcoholic beverages","0.01","0.01","0.01","0.01","0.01","0.01","0.01","0.01","0.01"
"Philippines"," Data source"," All types","4.83","4.75","4.53","4.52","4.62","4.63","4.98","4.86","4.74"
"Philippines"," Data source"," Beer","1.38","1.38","1.24","1.11","1.10","1.10","1.25","1.28","1.29"
"Philippines"," Data source"," Wine","0.04","0.04","0.04","0.04","0.02","0.02","0.02","0.02","0.02"
"Philippines"," Data source"," Spirits","3.40","3.32","3.25","3.37","3.48","3.49","3.67","3.44","3.29"
"Philippines"," Data source"," Other alcoholic beverages","0.01","0.01","0.01","0.01","0.01","0.02","0.03","0.12","0.14"
"Poland"," Data source"," All types","10.62","10.53","10.43","10.47","10.45","10.80","10.21","10.24","10.07"
"Poland"," Data source"," Beer","5.90","5.78","5.84","5.82","5.80","5.74","5.84","5.56","5.32"
"Poland"," Data source"," Wine","0.85","0.87","0.83","0.89","0.89","0.82","0.83","0.91","0.98"
"Poland"," Data source"," Spirits","3.88","3.87","3.76","3.76","3.76","4.23","3.53","3.77","3.77"
"Poland"," Data source"," Other alcoholic beverages","0","0","0","0","0","0","0","0","0"
"Portugal"," Data source"," All types","10.37","10.37","10.37","10.34","10.20","9.52","9.76","10.86","11.26"
"Portugal"," Data source"," Beer","2.62","2.62","2.62","2.57","2.47","2.58","2.64","2.75","3.03"
"Portugal"," Data source"," Wine","6.04","6.04","6.04","6.05","5.96","5.16","5.34","6.37","6.44"
"Portugal"," Data source"," Spirits","1.34","1.34","1.34","1.34","1.40","1.40","1.40","1.40","1.41"
"Portugal"," Data source"," Other alcoholic beverages","0.37","0.37","0.37","0.37","0.38","0.38","0.38","0.32","0.38"
"Qatar"," Data source"," All types","1.02","1.04","1.04","1.07","1.05","1.07","1.07","1.10","1.11"
"Qatar"," Data source"," Beer","0.30","0.30","0.30","0.29","0.30","0.30","0.32","0.31","0.32"
"Qatar"," Data source"," Wine","0.08","0.08","0.08","0.09","0.09","0.09","0.09","0.09","0.09"
"Qatar"," Data source"," Spirits","0.64","0.65","0.66","0.68","0.66","0.68","0.66","0.69","0.69"
"Qatar"," Data source"," Other alcoholic beverages","0.01","0.01","0.01","0.01","0.01","0.01","0.01","0.01","0.01"
"Republic of Korea"," Data source"," All types","8.65","8.65","8.69","9.09","8.94","8.77","8.98","8.86","8.90"
"Republic of Korea"," Data source"," Beer","1.94","1.94","2.00","2.03","2.01","2.10","1.98","1.93","1.89"
"Republic of Korea"," Data source"," Wine","0.14","0.14","0.15","0.17","0.15","0.15","0.13","0.13","0.14"
"Republic of Korea"," Data source"," Spirits","0.28","0.28","0.30","0.34","0.39","0.38","0.37","0.38","0.40"
"Republic of Korea"," Data source"," Other alcoholic beverages","6.30","6.30","6.24","6.56","6.39","6.14","6.50","6.42","6.48"
"Republic of Moldova"," Data source"," All types","7.45","7.45","7.22","6.76","7.40","8.48","8.30","8.21","6.92"
"Republic of Moldova"," Data source"," Beer","1.51","1.51","1.50","1.52","1.62","1.78","1.95","1.83","1.65"
"Republic of Moldova"," Data source"," Wine","3.44","3.44","3.36","2.68","2.75","3.19","3.49","3.66","2.98"
"Republic of Moldova"," Data source"," Spirits","2.25","2.25","2.09","2.34","2.83","3.13","2.55","2.07","1.68"
"Republic of Moldova"," Data source"," Other alcoholic beverages","0.25","0.25","0.27","0.22","0.20","0.38","0.31","0.65","0.62"
"North Macedonia"," Data source"," All types","3.80","3.77","3.63","3.57","3.56","3.61","3.54","3.53","3.53"
"North Macedonia"," Data source"," Beer","1.84","1.84","1.70","1.67","1.65","1.71","1.66","1.60","1.59"
"North Macedonia"," Data source"," Wine","1.03","1.03","1.04","1.04","1.04","1.04","1.04","1.06","1.06"
"North Macedonia"," Data source"," Spirits","0.89","0.87","0.85","0.83","0.83","0.83","0.81","0.84","0.86"
"North Macedonia"," Data source"," Other alcoholic beverages","0.04","0.04","0.03","0.03","0.03","0.03","0.02","0.02","0.02"
"Romania"," Data source"," All types","10.14","10.14","9.57","9.45","9.48","9.65","9.66","9.58","10.01"
"Romania"," Data source"," Beer","5.28","5.28","5.25","5.22","4.86","5.14","5.35","5.00","4.83"
"Romania"," Data source"," Wine","3.09","3.09","2.55","2.70","3.21","3.08","3.00","3.03","3.16"
"Romania"," Data source"," Spirits","1.77","1.77","1.77","1.54","1.42","1.42","1.30","1.54","2.02"
"Romania"," Data source"," Other alcoholic beverages","0","0","0","0","0","0","0","0","0"
"Russian Federation"," Data source"," All types","7.69","7.24","8.20","8.36","9.25","10.17","10.86","10.92","10.95"
"Russian Federation"," Data source"," Beer","3.35","3.05","3.53","3.65","3.96","4.23","4.20","4.16","4.12"
"Russian Federation"," Data source"," Wine","1.14","1.10","1.08","1.11","1.17","1.11","1.21","1.24","1.29"
"Russian Federation"," Data source"," Spirits","3.21","3.09","3.59","3.60","4.12","4.83","5.46","5.52","5.55"
"Russian Federation"," Data source"," Other alcoholic beverages","0","0","0","0","0","0","0","0","0"
"Rwanda"," Data source"," All types","6.99","6.99","7.09","7.05","7.12","6.86","7.08","7.27","7.65"
"Rwanda"," Data source"," Beer","1.06","1.06","1.16","1.12","0.92","1.01","0.97","0.90","0.80"
"Rwanda"," Data source"," Wine","0.01","0.01","0.01","0.01","0.01","0.01","0.00","0.00","0.00"
"Rwanda"," Data source"," Spirits","0.04","0.04","0.04","0.04","0.13","0.19","0.13","0.09","0.04"
"Rwanda"," Data source"," Other alcoholic beverages","5.88","5.88","5.88","5.88","6.06","5.64","5.98","6.28","6.80"
"Saint Kitts and Nevis"," Data source"," All types","8.44","8.44","8.48","8.30","8.42","8.32","8.36","8.44","8.45"
"Saint Kitts and Nevis"," Data source"," Beer","3.50","3.50","3.35","3.22","3.29","3.31","3.33","3.34","3.36"
"Saint Kitts and Nevis"," Data source"," Wine","0.98","0.93","0.86","0.82","0.75","0.70","0.71","0.84","0.98"
"Saint Kitts and Nevis"," Data source"," Spirits","3.76","3.82","4.07","4.07","4.20","4.14","4.15","4.05","3.90"
"Saint Kitts and Nevis"," Data source"," Other alcoholic beverages","0.20","0.19","0.20","0.19","0.18","0.17","0.17","0.21","0.20"
"Saint Lucia"," Data source"," All types","10.43","10.35","10.18","9.73","9.61","9.47","9.91","10.36","10.59"
"Saint Lucia"," Data source"," Beer","3.46","3.46","3.43","3.36","3.27","3.28","3.28","3.27","3.28"
"Saint Lucia"," Data source"," Wine","1.26","1.24","1.17","1.05","1.09","1.08","1.10","1.23","1.17"
"Saint Lucia"," Data source"," Spirits","5.11","5.05","4.97","4.87","4.79","4.66","5.03","5.32","5.55"
"Saint Lucia"," Data source"," Other alcoholic beverages","0.60","0.60","0.61","0.45","0.45","0.45","0.50","0.53","0.58"
"Saint Vincent and the Grenadines"," Data source"," All types","8.18","8.12","7.99","7.59","7.35","7.23","7.12","7.23","7.21"
"Saint Vincent and the Grenadines"," Data source"," Beer","2.77","2.77","2.72","2.60","2.49","2.41","2.34","2.35","2.32"
"Saint Vincent and the Grenadines"," Data source"," Wine","0.63","0.62","0.60","0.59","0.58","0.50","0.51","0.51","0.55"
"Saint Vincent and the Grenadines"," Data source"," Spirits","4.56","4.52","4.45","4.22","4.12","4.16","4.15","4.26","4.22"
"Saint Vincent and the Grenadines"," Data source"," Other alcoholic beverages","0.22","0.21","0.21","0.18","0.16","0.15","0.12","0.11","0.13"
"Samoa"," Data source"," All types","1.97","1.97","2.18","1.97","2.00","1.90","2.19","2.15","3.00"
"Samoa"," Data source"," Beer","1.81","1.81","2.03","1.85","1.87","1.81","2.09","1.94","2.57"
"Samoa"," Data source"," Wine","0.16","0.16","0.15","0.12","0.13","0.09","0.10","0.09","0.09"
"Samoa"," Data source"," Spirits","0","0","0","0","0","0","0","0.12","0.35"
"Samoa"," Data source"," Other alcoholic beverages","0","0","0","0","0","0","0","0","0"
"Sao Tome and Principe"," Data source"," All types","3.88","3.88","5.05","4.80","5.34","4.73","4.89","5.96","5.86"
"Sao Tome and Principe"," Data source"," Beer","0.96","0.96","0.96","0.96","0.96","0.95","0.49","0.72","0.84"
"Sao Tome and Principe"," Data source"," Wine","2.91","2.91","4.09","3.84","4.37","3.78","4.40","4.71","4.46"
"Sao Tome and Principe"," Data source"," Spirits","0","0","0","0","0","0","0","0.54","0.56"
"Sao Tome and Principe"," Data source"," Other alcoholic beverages","0","0","0","0","0","0","0","0","0"
"Saudi Arabia"," Data source"," All types","0.07","0.07","0.08","0.08","0.08","0.09","0.09","0.09","0.09"
"Saudi Arabia"," Data source"," Beer","0","0","0","0","0","0","0","0","0"
"Saudi Arabia"," Data source"," Wine","0.00","0.00","0.00","0.00","0.00","0.00","0.00","0.00","0.00"
"Saudi Arabia"," Data source"," Spirits","0.07","0.07","0.08","0.08","0.08","0.08","0.08","0.09","0.08"
"Saudi Arabia"," Data source"," Other alcoholic beverages","0.00","0.00","0.00","0.00","0.00","0.00","0.00","0.00","0.00"
"Senegal"," Data source"," All types","0.27","0.30","0.30","0.24","0.25","0.25","0.27","0.31","0.28"
"Senegal"," Data source"," Beer","0.18","0.18","0.18","0.14","0.14","0.14","0.14","0.15","0.14"
"Senegal"," Data source"," Wine","0.07","0.10","0.10","0.08","0.08","0.08","0.11","0.13","0.11"
"Senegal"," Data source"," Spirits","0.02","0.02","0.02","0.02","0.02","0.03","0.02","0.03","0.03"
"Senegal"," Data source"," Other alcoholic beverages","0.00","0.00","0.00","0.00","0.00","0.00","0.00","0.00","0.00"
"Serbia"," Data source"," All types","7.35","7.32","7.21","7.09","7.06","7.78","8.60","8.36","8.64"
"Serbia"," Data source"," Beer","3.02","3.02","2.95","2.96","2.81","2.89","3.08","3.14","3.09"
"Serbia"," Data source"," Wine","1.72","1.72","1.70","1.60","1.76","2.41","3.02","2.72","3.05"
"Serbia"," Data source"," Spirits","2.38","2.35","2.33","2.29","2.27","2.25","2.28","2.28","2.28"
"Serbia"," Data source"," Other alcoholic beverages","0.24","0.24","0.23","0.23","0.22","0.23","0.23","0.21","0.22"
"Seychelles"," Data source"," All types","20.05","20.24","20.18","17.60","16.13","15.64","14.72","13.56","11.13"
"Seychelles"," Data source"," Beer","10.93","10.93","10.89","7.97","6.79","6.56","5.57","4.91","2.76"
"Seychelles"," Data source"," Wine","2.05","1.98","1.79","2.11","1.96","1.91","1.80","1.82","2.31"
"Seychelles"," Data source"," Spirits","6.73","6.99","7.25","7.24","7.20","7.07","7.29","6.69","5.98"
"Seychelles"," Data source"," Other alcoholic beverages","0.34","0.35","0.25","0.27","0.19","0.10","0.07","0.13","0.08"
"Sierra Leone"," Data source"," All types","3.43","3.43","3.49","3.41","3.39","3.17","3.49","3.75","3.74"
"Sierra Leone"," Data source"," Beer","0.15","0.15","0.10","0.12","0.12","0.22","0.18","0.18","0.17"
"Sierra Leone"," Data source"," Wine","0.04","0.04","0.14","0.03","0.02","0.03","0.28","0.32","0.24"
"Sierra Leone"," Data source"," Spirits","0","0","0","0","0","0","0","0.02","0.02"
"Sierra Leone"," Data source"," Other alcoholic beverages","3.25","3.25","3.25","3.25","3.25","2.92","3.03","3.24","3.32"
"Singapore"," Data source"," All types","1.85","1.80","1.84","1.82","1.84","1.86","1.94","1.89","1.84"
"Singapore"," Data source"," Beer","1.25","1.25","1.28","1.27","1.29","1.24","1.35","1.31","1.29"
"Singapore"," Data source"," Wine","0.30","0.27","0.27","0.27","0.27","0.28","0.27","0.27","0.25"
"Singapore"," Data source"," Spirits","0.27","0.24","0.25","0.25","0.24","0.30","0.29","0.28","0.27"
"Singapore"," Data source"," Other alcoholic beverages","0.04","0.03","0.04","0.03","0.03","0.03","0.03","0.03","0.03"
"Slovakia"," Data source"," All types","10.16","10.16","9.92","10.74","10.62","10.49","10.62","10.74","10.51"
"Slovakia"," Data source"," Beer","3.43","3.43","3.19","3.42","3.30","3.42","3.66","3.54","3.43"
"Slovakia"," Data source"," Wine","2.13","2.13","2.13","2.60","2.83","2.36","2.12","2.24","2.13"
"Slovakia"," Data source"," Spirits","4.14","4.14","4.25","4.25","4.13","4.13","4.36","4.48","4.61"
"Slovakia"," Data source"," Other alcoholic beverages","0.47","0.47","0.35","0.47","0.35","0.59","0.47","0.47","0.35"
"Slovenia"," Data source"," All types","9.99","10.12","10.51","11.49","10.92","9.53","10.95","10.61","10.33"
"Slovenia"," Data source"," Beer","4.66","4.59","4.35","5.73","5.37","4.55","4.58","4.94","4.59"
"Slovenia"," Data source"," Wine","4.13","4.60","5.32","4.90","4.73","4.09","5.50","4.81","4.85"
"Slovenia"," Data source"," Spirits","1.20","0.93","0.84","0.86","0.82","0.89","0.87","0.86","0.89"
"Slovenia"," Data source"," Other alcoholic beverages","0","0","0","0","0","0","0","0","0"
"Solomon Islands"," Data source"," All types","1.25","1.25","1.28","0.98","0.94","0.97","1.00","1.05","1.09"
"Solomon Islands"," Data source"," Beer","1.21","1.21","1.24","0.94","0.91","0.93","0.96","0.98","0.99"
"Solomon Islands"," Data source"," Wine","0.04","0.04","0.04","0.04","0.03","0.04","0.04","0.03","0.03"
"Solomon Islands"," Data source"," Spirits","0","0","0","0","0","0","0","0.03","0.07"
"Solomon Islands"," Data source"," Other alcoholic beverages","0","0","0","0","0","0","0","0.00","0.00"
"Somalia"," Data source"," All types","0","0","0","0","0.01","0.01","0","0.00","0.00"
"Somalia"," Data source"," Beer","0","0","0","0","0","0","0","0.00","0"
"Somalia"," Data source"," Wine","0","0","0","0","0","0","0","0","0"
"Somalia"," Data source"," Spirits","0","0","0","0","0.01","0.01","0","0.00","0.00"
"Somalia"," Data source"," Other alcoholic beverages","0","0","0","0","0","0","0","0.00","0.00"
"South Africa"," Data source"," All types","7.26","7.34","7.30","7.33","7.39","7.35","7.37","7.31","7.25"
"South Africa"," Data source"," Beer","3.89","3.97","4.00","4.01","4.05","4.09","4.11","4.12","4.10"
"South Africa"," Data source"," Wine","1.36","1.45","1.43","1.42","1.35","1.28","1.28","1.28","1.27"
"South Africa"," Data source"," Spirits","1.32","1.30","1.27","1.26","1.29","1.30","1.33","1.32","1.29"
"South Africa"," Data source"," Other alcoholic beverages","0.68","0.63","0.60","0.63","0.69","0.68","0.65","0.60","0.58"
"Spain"," Data source"," All types","10.43","10.84","10.80","10.35","7.67","8.39","8.44","8.58","8.79"
"Spain"," Data source"," Beer","4.64","4.50","4.31","4.17","4.05","3.89","3.88","3.85","3.83"
"Spain"," Data source"," Wine","3.34","3.87","3.86","3.70","1.21","2.09","2.13","2.06","2.15"
"Spain"," Data source"," Spirits","2.29","2.30","2.46","2.31","2.24","2.26","2.27","2.50","2.64"
"Spain"," Data source"," Other alcoholic beverages","0.16","0.18","0.18","0.17","0.17","0.16","0.17","0.17","0.17"
"Sri Lanka"," Data source"," All types","2.58","2.58","2.65","2.72","2.45","2.65","2.89","3.03","2.31"
"Sri Lanka"," Data source"," Beer","0.22","0.22","0.21","0.36","0.37","0.40","0.40","0.28","0.30"
"Sri Lanka"," Data source"," Wine","0.01","0.01","0.01","0.01","0.01","0.00","0.00","0.00","0"
"Sri Lanka"," Data source"," Spirits","2.32","2.32","2.38","2.31","2.03","2.18","2.42","2.70","1.97"
"Sri Lanka"," Data source"," Other alcoholic beverages","0.03","0.03","0.04","0.04","0.05","0.06","0.06","0.05","0.04"
"Sudan"," Data source"," All types","0.01","0.01","0.01","0.02","0.03","0.06","0.00","0.46",""
"Sudan"," Data source"," Beer","0.00","0.00","0.00","0.00","0.01","0.04","0.00","0.08",""
"Sudan"," Data source"," Wine","0","0","0","0.00","0.00","0.00","0.00","0.00",""
"Sudan"," Data source"," Spirits","0.01","0.01","0.01","0.02","0.02","0.02","0.00","0.38",""
"Sudan"," Data source"," Other alcoholic beverages","0","0","0","0","0","0","0","0",""
"Suriname"," Data source"," All types","4.47","4.45","4.41","4.76","5.41","5.88","5.74","5.62","5.26"
"Suriname"," Data source"," Beer","1.96","1.96","1.99","2.06","2.15","2.10","2.06","2.03","2.03"
"Suriname"," Data source"," Wine","0.09","0.09","0.11","0.14","0.18","0.20","0.17","0.18","0.16"
"Suriname"," Data source"," Spirits","2.29","2.29","2.19","2.44","2.94","3.36","3.29","3.21","2.90"
"Suriname"," Data source"," Other alcoholic beverages","0.13","0.12","0.11","0.13","0.15","0.22","0.22","0.20","0.17"
"Sweden"," Data source"," All types","7.20","7.04","7.15","7.13","7.20","7.32","7.23","7.31","7.38"
"Sweden"," Data source"," Beer","2.69","2.57","2.65","2.62","2.64","2.65","2.63","2.67","2.74"
"Sweden"," Data source"," Wine","3.38","3.36","3.39","3.40","3.46","3.50","3.43","3.47","3.40"
"Sweden"," Data source"," Spirits","1.00","0.99","1.00","1.00","0.99","1.06","1.05","1.05","1.11"
"Sweden"," Data source"," Other alcoholic beverages","0.13","0.12","0.11","0.11","0.11","0.11","0.12","0.12","0.13"
"Switzerland"," Data source"," All types","9.51","9.51","9.51","9.62","9.62","9.74","9.87","9.99","10.01"
"Switzerland"," Data source"," Beer","3.17","3.05","3.05","3.17","3.17","3.17","3.17","3.17","3.18"
"Switzerland"," Data source"," Wine","4.23","4.23","4.34","4.58","4.58","4.69","4.70","4.82","4.94"
"Switzerland"," Data source"," Spirits","1.65","1.76","1.76","1.76","1.76","1.76","1.88","1.88","1.77"
"Switzerland"," Data source"," Other alcoholic beverages","0.12","0.12","0.12","0.12","0.12","0.12","0.12","0.12","0.12"
"Syrian Arab Republic"," Data source"," All types","0.16","0.12","0.18","0.24","0.20","0.15","0.22","0.61","0.77"
"Syrian Arab Republic"," Data source"," Beer","0.02","0.02","0.02","0.03","0.02","0.02","0.02","0.09","0.11"
"Syrian Arab Republic"," Data source"," Wine","0.00","0.00","0.00","0.00","0.00","0.00","0.00","0.01","0.01"
"Syrian Arab Republic"," Data source"," Spirits","0.13","0.10","0.15","0.20","0.18","0.13","0.19","0.51","0.65"
"Syrian Arab Republic"," Data source"," Other alcoholic beverages","0.00","0.00","0.00","0.00","0.00","0.00","0.00","0.00","0.00"
"Tajikistan"," Data source"," All types","0.84","0.86","0.86","0.90","0.81","0.78","0.76","0.69","0.67"
"Tajikistan"," Data source"," Beer","0.38","0.38","0.34","0.36","0.35","0.39","0.36","0.36","0.29"
"Tajikistan"," Data source"," Wine","0.01","0.01","0.01","0.01","0.01","0.01","0.01","0.01","0.01"
"Tajikistan"," Data source"," Spirits","0.45","0.47","0.50","0.53","0.45","0.38","0.38","0.32","0.36"
"Tajikistan"," Data source"," Other alcoholic beverages","0.00","0.00","0.00","0.00","0.00","0.00","0.00","0.00","0.00"
"Thailand"," Data source"," All types","6.57","6.57","6.57","6.57","6.90","6.79","7.09","7.14","6.70"
"Thailand"," Data source"," Beer","1.86","1.86","1.86","1.86","2.10","2.22","2.11","1.94","1.86"
"Thailand"," Data source"," Wine","0.18","0.18","0.18","0.18","0.18","0.17","0.15","0.12","0.09"
"Thailand"," Data source"," Spirits","4.53","4.53","4.53","4.53","4.62","4.40","4.83","5.08","4.75"
"Thailand"," Data source"," Other alcoholic beverages","6.57","6.57","6.57","6.57","6.90","6.79","7.09","7.14","6.70"
"Timor-Leste"," Data source"," All types","0.48","0.48","0.49","0.49","0.52","0.48","0.49","0.46","0.10"
"Timor-Leste"," Data source"," Beer","0.38","0.38","0.38","0.38","0.38","0.38","0.39","0.34","0.02"
"Timor-Leste"," Data source"," Wine","0.10","0.10","0.11","0.11","0.13","0.09","0.09","0.07","0.05"
"Timor-Leste"," Data source"," Spirits","0","0","0","0","0","0","0","0.05","0.02"
"Timor-Leste"," Data source"," Other alcoholic beverages","0","0","0","0","0","0","0","0","0"
"Togo"," Data source"," All types","1.31","1.33","1.26","1.33","1.24","1.20","1.15","1.14","1.26"
"Togo"," Data source"," Beer","0.73","0.73","0.65","0.69","0.60","0.57","0.51","0.48","0.61"
"Togo"," Data source"," Wine","0.07","0.08","0.07","0.08","0.08","0.08","0.10","0.10","0.09"
"Togo"," Data source"," Spirits","0.20","0.21","0.22","0.23","0.24","0.23","0.21","0.21","0.19"
"Togo"," Data source"," Other alcoholic beverages","0.32","0.32","0.32","0.32","0.32","0.32","0.33","0.35","0.36"
"Tonga"," Data source"," All types","0.33","0.33","0.28","0.29","0.37","0.32","0.26","0.96","1.24"
"Tonga"," Data source"," Beer","0.03","0.03","0.03","0.03","0.15","0.08","0.08","0.53","0.92"
"Tonga"," Data source"," Wine","0.20","0.20","0.15","0.16","0.12","0.14","0.11","0.10","0.09"
"Tonga"," Data source"," Spirits","0.10","0.10","0.10","0.10","0.10","0.10","0.07","0.32","0.23"
"Tonga"," Data source"," Other alcoholic beverages","0","0","0","0","0","0","0","0","0"
"Trinidad and Tobago"," Data source"," All types","5.91","5.82","5.91","6.14","6.13","6.03","6.05","5.93","5.92"
"Trinidad and Tobago"," Data source"," Beer","2.97","2.97","2.95","2.89","2.87","2.91","2.92","2.92","2.94"
"Trinidad and Tobago"," Data source"," Wine","0.29","0.29","0.32","0.37","0.36","0.26","0.21","0.18","0.16"
"Trinidad and Tobago"," Data source"," Spirits","2.55","2.47","2.54","2.77","2.79","2.78","2.84","2.75","2.75"
"Trinidad and Tobago"," Data source"," Other alcoholic beverages","0.09","0.09","0.10","0.10","0.11","0.08","0.08","0.08","0.08"
"Tunisia"," Data source"," All types","1.60","1.56","1.53","1.49","1.48","1.39","1.35","1.26","1.26"
"Tunisia"," Data source"," Beer","1.00","1.00","1.02","1.04","0.96","0.86","0.85","0.85","0.87"
"Tunisia"," Data source"," Wine","0.38","0.38","0.36","0.30","0.36","0.38","0.37","0.29","0.26"
"Tunisia"," Data source"," Spirits","0.19","0.15","0.13","0.13","0.14","0.14","0.12","0.10","0.11"
"Tunisia"," Data source"," Other alcoholic beverages","0.02","0.02","0.02","0.01","0.02","0.02","0.02","0.02","0.02"
"Turkey"," Data source"," All types","1.43","1.38","1.38","1.43","1.50","1.46","1.60","1.59","1.56"
"Turkey"," Data source"," Beer","0.82","0.79","0.80","0.82","0.86","0.82","0.94","0.88","0.89"
"Turkey"," Data source"," Wine","0.17","0.15","0.16","0.14","0.14","0.14","0.13","0.13","0.14"
"Turkey"," Data source"," Spirits","0.44","0.44","0.42","0.47","0.50","0.51","0.53","0.58","0.53"
"Turkey"," Data source"," Other alcoholic beverages","0","0","0","0","0","0","0","0","0"
"Turkmenistan"," Data source"," All types","3.08","3.17","3.32","3.36","3.24","3.18","3.00","2.88","2.90"
"Turkmenistan"," Data source"," Beer","0.72","0.72","0.71","0.68","0.64","0.64","0.45","0.29","0.25"
"Turkmenistan"," Data source"," Wine","1.33","1.33","1.39","1.39","1.32","1.25","1.26","1.28","1.33"
"Turkmenistan"," Data source"," Spirits","1.03","1.12","1.21","1.29","1.28","1.29","1.30","1.31","1.31"
"Turkmenistan"," Data source"," Other alcoholic beverages","0.00","0.00","0.00","0.00","0.00","0.00","0.00","0.00","0.00"
"Tuvalu"," Data source"," All types","0.90","0.90","0.96","1.38","1.76","1.52","1.79","1.27","0.97"
"Tuvalu"," Data source"," Beer","0.01","0.01","0.01","0.01","0.01","0.01","0","0.13","0.11"
"Tuvalu"," Data source"," Wine","0.66","0.66","0.71","1.13","1.51","1.27","1.68","1.08","0.50"
"Tuvalu"," Data source"," Spirits","0.23","0.23","0.23","0.23","0.23","0.23","0.12","0.06","0.36"
"Tuvalu"," Data source"," Other alcoholic beverages","0","0","0","0","0","0","0","0","0"
"Uganda"," Data source"," All types","12.20","12.19","12.10","12.13","12.52","7.72","8.39","11.71","11.50"
"Uganda"," Data source"," Beer","0.84","0.84","0.80","0.82","0.87","0.78","0.91","0.72","0.68"
"Uganda"," Data source"," Wine","0.01","0.01","0.01","0.01","0.01","0.01","0.01","0.01","0.01"
"Uganda"," Data source"," Spirits","0.61","0.61","0.56","0.56","0.55","0.54","0.54","0.55","0.55"
"Uganda"," Data source"," Other alcoholic beverages","10.73","10.73","10.73","10.73","11.09","6.40","6.93","10.44","10.27"
"Ukraine"," Data source"," All types","5.15","5.15","5.74","6.06","7.60","8.74","8.55","8.75","7.77"
"Ukraine"," Data source"," Beer","2.44","2.44","2.37","2.52","2.94","3.22","3.29","3.33","3.39"
"Ukraine"," Data source"," Wine","0.31","0.29","0.31","0.32","0.35","0.42","0.42","0.43","0.46"
"Ukraine"," Data source"," Spirits","2.65","2.39","3.01","3.16","4.23","5.01","4.76","4.92","3.87"
"Ukraine"," Data source"," Other alcoholic beverages","0.05","0.04","0.05","0.07","0.08","0.08","0.08","0.06","0.06"
"United Arab Emirates"," Data source"," All types","2.12","2.16","2.17","2.14","2.02","1.90","1.83","1.81","1.75"
"United Arab Emirates"," Data source"," Beer","0.22","0.23","0.23","0.23","0.22","0.22","0.21","0.21","0.22"
"United Arab Emirates"," Data source"," Wine","0.15","0.15","0.15","0.15","0.14","0.13","0.12","0.12","0.12"
"United Arab Emirates"," Data source"," Spirits","1.73","1.76","1.77","1.75","1.64","1.55","1.49","1.47","1.41"
"United Arab Emirates"," Data source"," Other alcoholic beverages","0.02","0.02","0.02","0.02","0.01","0.01","0.01","0.01","0.01"
"United Kingdom of Great Britain and Northern Ireland"," Data source"," All types","10.01","9.88","9.69","9.59","9.45","9.42","9.53","9.80","10.01"
"United Kingdom of Great Britain and Northern Ireland"," Data source"," Beer","3.57","3.42","3.39","3.41","3.39","3.30","3.38","3.58","3.69"
"United Kingdom of Great Britain and Northern Ireland"," Data source"," Wine","3.44","3.52","3.46","3.39","3.30","3.28","3.22","3.22","3.23"
"United Kingdom of Great Britain and Northern Ireland"," Data source"," Spirits","2.39","2.26","2.18","2.08","2.02","2.04","2.11","2.12","2.20"
"United Kingdom of Great Britain and Northern Ireland"," Data source"," Other alcoholic beverages","0.61","0.67","0.66","0.71","0.73","0.80","0.82","0.88","0.89"
"United Republic of Tanzania"," Data source"," All types","7.31","7.31","7.41","7.39","6.98","6.30","5.84","6.71","6.59"
"United Republic of Tanzania"," Data source"," Beer","0.73","0.73","0.78","0.75","0.75","0.77","0.75","0.68","0.66"
"United Republic of Tanzania"," Data source"," Wine","0.01","0.01","0.01","0.01","0.01","0.01","0.01","0.01","0.01"
"United Republic of Tanzania"," Data source"," Spirits","0.21","0.20","0.25","0.26","0.26","0.27","0.27","0.24","0.21"
"United Republic of Tanzania"," Data source"," Other alcoholic beverages","6.37","6.37","6.37","6.37","5.96","5.24","4.81","5.78","5.72"
"United States of America"," Data source"," All types","8.82","8.82","8.86","8.78","8.78","8.81","8.85","8.66","8.56"
"United States of America"," Data source"," Beer","4.01","4.01","4.09","4.13","4.13","4.23","4.29","4.22","4.30"
"United States of America"," Data source"," Wine","1.63","1.63","1.63","1.59","1.63","1.59","1.60","1.55","1.45"
"United States of America"," Data source"," Spirits","3.18","3.18","3.14","3.07","3.03","2.99","2.96","2.89","2.81"
"United States of America"," Data source"," Other alcoholic beverages","0","0","0","0","0","0","0","0","0"
"Uruguay"," Data source"," All types","6.20","5.75","5.53","6.00","6.14","6.42","6.55","6.02","5.99"
"Uruguay"," Data source"," Beer","1.97","1.96","1.73","1.97","1.94","1.97","2.01","1.95","1.79"
"Uruguay"," Data source"," Wine","3.50","3.01","2.95","3.07","3.23","3.83","3.95","3.47","3.62"
"Uruguay"," Data source"," Spirits","0.73","0.79","0.85","0.96","0.97","0.62","0.59","0.61","0.58"
"Uruguay"," Data source"," Other alcoholic beverages","0","0","0","0","0","0","0","0","0"
"Uzbekistan"," Data source"," All types","1.57","1.57","1.59","1.59","1.48","1.52","1.43","1.68","1.69"
"Uzbekistan"," Data source"," Beer","0.55","0.55","0.55","0.53","0.44","0.48","0.53","0.77","0.81"
"Uzbekistan"," Data source"," Wine","0.14","0.14","0.17","0.18","0.16","0.16","0.10","0.10","0.07"
"Uzbekistan"," Data source"," Spirits","0.88","0.87","0.87","0.88","0.89","0.88","0.80","0.81","0.81"
"Uzbekistan"," Data source"," Other alcoholic beverages","0.00","0.00","0.00","0.00","0.00","0.00","0.00","0.00","0.00"
"Vanuatu"," Data source"," All types","1.57","1.57","1.58","1.47","1.48","1.59","1.79","1.65","1.18"
"Vanuatu"," Data source"," Beer","0.34","0.34","0.35","0.33","0.34","0.47","0.49","0.37","0.34"
"Vanuatu"," Data source"," Wine","0.30","0.30","0.31","0.22","0.22","0.20","0.24","0.17","0.19"
"Vanuatu"," Data source"," Spirits","0.92","0.92","0.92","0.92","0.92","0.92","1.07","1.11","0.65"
"Vanuatu"," Data source"," Other alcoholic beverages","0","0","0","0","0","0","0","0.00","0.00"
"Venezuela (Bolivarian Republic of)"," Data source"," All types","2.84","3.13","3.99","6.12","6.52","6.80","6.77","6.82","7.35"
"Venezuela (Bolivarian Republic of)"," Data source"," Beer","1.86","1.86","2.68","4.70","4.94","4.93","4.86","5.02","5.45"
"Venezuela (Bolivarian Republic of)"," Data source"," Wine","0.10","0.11","0.12","0.14","0.14","0.16","0.20","0.20","0.22"
"Venezuela (Bolivarian Republic of)"," Data source"," Spirits","0.84","1.12","1.14","1.22","1.35","1.62","1.63","1.53","1.62"
"Venezuela (Bolivarian Republic of)"," Data source"," Other alcoholic beverages","0.04","0.04","0.05","0.07","0.09","0.09","0.08","0.07","0.07"
"Viet Nam"," Data source"," All types","3.22","3.23","3.13","2.95","2.76","2.67","2.56","2.44","2.24"
"Viet Nam"," Data source"," Beer","2.96","2.96","2.83","2.66","2.50","2.43","2.33","2.24","2.06"
"Viet Nam"," Data source"," Wine","0.03","0.02","0.02","0.02","0.02","0.02","0.02","0.02","0.02"
"Viet Nam"," Data source"," Spirits","0.23","0.24","0.27","0.26","0.23","0.21","0.21","0.19","0.16"
"Viet Nam"," Data source"," Other alcoholic beverages","0.00","0.00","0.00","0.00","0.00","0.00","0.00","0.00","0.00"
"Yemen"," Data source"," All types","0.03","0.03","0.03","0.03","0.03","0.04","0.04","0.04","0.05"
"Yemen"," Data source"," Beer","0.03","0.03","0.03","0.03","0.03","0.03","0.04","0.03","0.05"
"Yemen"," Data source"," Wine","0","0","0.00","0.00","0.00","0.00","0","0","0"
"Yemen"," Data source"," Spirits","0.00","0.00","0.00","0.00","0.00","0.00","0.00","0.00","0"
"Yemen"," Data source"," Other alcoholic beverages","0","0","0","0","0","0","0","0","0"
"Zambia"," Data source"," All types","3.95","3.95","3.85","3.85","4.66","2.78","3.51","3.49","3.59"
"Zambia"," Data source"," Beer","1.15","1.15","1.07","1.05","1.08","0.95","0.82","0.71","0.59"
"Zambia"," Data source"," Wine","0.08","0.08","0.06","0.08","0.09","0.07","0.60","0.61","0.68"
"Zambia"," Data source"," Spirits","0.62","0.62","0.62","0.62","0.70","0.01","0.38","0.34","0.35"
"Zambia"," Data source"," Other alcoholic beverages","2.10","2.10","2.10","2.10","2.79","1.75","1.71","1.84","1.97"
"Zimbabwe"," Data source"," All types","3.46","3.46","3.46","3.51","4.06","4.01","3.76","3.80","3.25"
"Zimbabwe"," Data source"," Beer","1.93","1.93","1.93","1.93","2.23","2.12","2.07","2.05","1.67"
"Zimbabwe"," Data source"," Wine","0.04","0.04","0.04","0.03","0.19","0.19","0.09","0.13","0.10"
"Zimbabwe"," Data source"," Spirits","0.27","0.27","0.27","0.27","0.27","0.41","0.42","0.31","0.32"
"Zimbabwe"," Data source"," Other alcoholic beverages","1.22","1.22","1.22","1.28","1.36","1.29","1.18","1.32","1.17"
