Country,Beverage Types,2017,2016,2015,2014,2013,2012,2011,2010
Afghanistan,All types,0.01,0.02,0,0.01,0.01,0.01,0.01,0.01
Afghanistan,Beer,0,0,0,0,0.01,0.01,0.01,0.01
Afghanistan,Wine,0,0,0,0,0,0,0,0
Afghanistan,Spirits,0.01,0.01,0,0.01,0,0,0,0
Afghanistan,Other alcoholic beverages,0,0,0,0,0,0,0,0
Angola,All types,5.47,5.38,5.94,7.49,7.01,7.14,6.95,6.83
Angola,Beer,3.64,3.39,3.26,4.5,4.47,4.61,4.44,4.24
Angola,Wine,0.59,0.73,1.24,1.28,1,1.01,0.96,0.95
Angola,Spirits,1.15,1.17,1.34,1.58,1.43,1.42,1.44,1.49
Angola,Other alcoholic beverages,0.09,0.09,0.1,0.12,0.12,0.11,0.11,0.14
Armenia,All types,3.83,3.82,4.04,4.22,3.92,3.89,4.07,4.23
Armenia,Beer,0.49,0.42,0.49,0.52,0.43,0.25,0.34,0.4
Armenia,Wine,0.38,0.3,0.22,0.22,0.28,0.25,0.31,0.24
Armenia,Spirits,2.96,3.1,3.33,3.48,3.21,3.38,3.42,3.58
Armenia,Other alcoholic beverages,0.01,0,0,0.01,0.01,0.01,0.01,0.01
Australia,All types,9.49,9.79,9.68,9.9,10,10.03,10.3,10.52
Australia,Beer,3.68,3.87,3.76,4.02,4.04,4.14,4.31,4.51
Australia,Wine,3.74,3.79,3.8,3.76,3.79,3.78,3.79,3.87
Australia,Spirits,1.23,1.25,1.22,1.23,1.29,1.26,1.34,1.3
Australia,Other alcoholic beverages,0.84,0.88,0.9,0.89,0.88,0.85,0.86,0.84
Austria,All types,11.7,11.7,11.6,12.2,11.6,12.1,11.9,12.1
Austria,Beer,6.2,6.2,6,6.3,6,6.3,6.1,6.1
Austria,Wine,3.6,3.7,3.6,4.2,3.9,4.1,4.1,4.3
Austria,Spirits,1.9,1.9,1.9,1.7,1.7,1.7,1.7,1.7
Austria,Other alcoholic beverages,0,0,0,0,0,0,0,0
Azerbaijan,All types,2.92,3.05,4.14,2,2.08,2.01,1.97,1.92
Azerbaijan,Beer,0.31,0.24,0.3,0.2,0.32,0.29,0.29,0.29
Azerbaijan,Wine,0.13,0.15,0.13,0.15,0.15,0.15,0.15,0.15
Azerbaijan,Spirits,2.48,2.66,3.71,1.64,1.6,1.55,1.52,1.47
Azerbaijan,Other alcoholic beverages,0,0.01,0,0.01,0.01,0.01,0.01,0.01
Bahamas,All types,8.84,8.69,8.71,8.78,8.64,8.72,8.81,8.72
Bahamas,Beer,3.43,3.41,3.39,3.53,3.47,3.41,3.34,3.23
Bahamas,Wine,1.38,1.38,1.37,1.36,1.35,1.36,1.4,1.39
Bahamas,Spirits,3.74,3.6,3.61,3.54,3.46,3.56,3.68,3.69
Bahamas,Other alcoholic beverages,0.29,0.3,0.34,0.36,0.36,0.38,0.39,0.41
Bangladesh,All types,0,0,0,0,0,0,0,0
Bangladesh,Beer,0,0,0,0,0,0,0,0
Bangladesh,Wine,0,0,0,0,0,0,0,0
Bangladesh,Spirits,0,0,0,0,0,0,0,0
Bangladesh,Other alcoholic beverages,0,0,0,0,0,0,0,0
Belarus,All types,9.75,9.7,9.72,11.21,12.49,13.47,14.41,14.34
Belarus,Beer,2.05,2.06,1.99,2.15,2.34,2.18,2.29,2.36
Belarus,Wine,0.85,0.8,0.75,0.84,0.84,0.76,0.73,0.75
Belarus,Spirits,4.48,4.49,4.21,4.73,5.37,6.54,6.39,5.91
Belarus,Other alcoholic beverages,2.37,2.36,2.77,3.5,3.94,4,5.01,5.32
Belgium,All types,9.42,9.42,10.36,10.57,10.33,10.09,10.14,10.27
Belgium,Beer,4.46,4.46,4.6,4.72,4.6,4.78,4.89,5.03
Belgium,Wine,3.47,3.47,3.97,3.97,3.87,3.72,3.71,3.72
Belgium,Spirits,1.15,1.15,1.47,1.47,1.42,1.54,1.49,1.48
Belgium,Other alcoholic beverages,0.34,0.34,0.32,0.41,0.44,0.05,0.05,0.05
Benin,All types,1.37,1.46,1.56,1.59,1.44,1.48,1.5,1.42
Benin,Beer,0.87,0.95,1.03,1.04,0.92,0.99,0.82,0.7
Benin,Wine,0.06,0.08,0.09,0.11,0.09,0.13,0.22,0.25
Benin,Spirits,0.21,0.21,0.21,0.21,0.21,0.15,0.16,0.17
Benin,Other alcoholic beverages,0.22,0.22,0.22,0.22,0.22,0.21,0.29,0.3
Bhutan,All types,0.06,0.02,0.04,0.19,0.28,0.3,0.23,0.22
Bhutan,Beer,0.01,0.01,0.04,0.04,0.23,0.17,0.15,0.11
Bhutan,Wine,0.05,0,0,0,0,0.01,0.01,0.01
Bhutan,Spirits,0,0,0,0.15,0.05,0.12,0.07,0.1
Bhutan,Other alcoholic beverages,0,0,0,0,0,0,0,0
Bosnia and Herzegovina,All types,4.97,4.81,4.73,4.64,4.59,4.76,4.67,4.55
Bosnia and Herzegovina,Beer,3.81,3.68,3.58,3.41,3.45,3.63,3.52,3.37
Bosnia and Herzegovina,Wine,0.44,0.43,0.46,0.47,0.46,0.42,0.42,0.44
Bosnia and Herzegovina,Spirits,0.56,0.55,0.54,0.62,0.54,0.57,0.6,0.6
Bosnia and Herzegovina,Other alcoholic beverages,0.16,0.16,0.15,0.15,0.14,0.14,0.13,0.13
Botswana,All types,4.8,5.14,5.12,4.97,4.81,5.22,6.1,5.69
Botswana,Beer,2.63,3.06,3.05,2.9,2.6,2.25,2.27,2.37
Botswana,Wine,0.37,0.28,0.26,0.27,0.42,0.43,0.56,0.72
Botswana,Spirits,0.28,0.28,0.28,0.28,0.28,0.57,1.5,0.64
Botswana,Other alcoholic beverages,1.52,1.52,1.52,1.52,1.52,1.98,1.77,1.96
Brazil,All types,6.24,6.33,6.59,6.88,6.82,7.08,7.11,7.12
Brazil,Beer,3.84,3.91,4.08,4.25,4.07,4.28,4.19,4.18
Brazil,Wine,0.26,0.23,0.24,0.26,0.27,0.25,0.3,0.3
Brazil,Spirits,2.11,2.16,2.25,2.34,2.44,2.52,2.59,2.62
Brazil,Other alcoholic beverages,0.04,0.03,0.03,0.03,0.03,0.03,0.03,0.03
Burundi,All types,4,3.89,3.92,3.86,3.88,4.22,4.45,4.48
Burundi,Beer,1.81,1.69,1.73,1.66,1.69,1.62,1.58,1.58
Burundi,Wine,0,0,0,0,0,0,0,0
Burundi,Spirits,0.01,0.01,0.01,0.01,0.01,0,0,0
Burundi,Other alcoholic beverages,2.18,2.18,2.18,2.18,2.18,2.59,2.85,2.89
Cabo Verde,All types,4.13,4.11,4.39,4.17,3.82,5.05,5.14,4.81
Cabo Verde,Beer,2.27,2.27,2.27,2.27,2.27,2.32,2.82,2.52
Cabo Verde,Wine,1.57,1.56,1.84,1.62,1.26,1.58,1.61,1.68
Cabo Verde,Spirits,0.28,0.28,0.28,0.28,0.28,1.16,0.7,0.61
Cabo Verde,Other alcoholic beverages,0,0,0,0,0,0,0,0
Cambodia,All types,3.7,3.5,3.34,3.06,2.8,2.52,2.4,2.16
Cambodia,Beer,3.29,3.1,2.93,2.64,2.38,2.09,1.99,1.75
Cambodia,Wine,0.02,0.02,0.02,0.02,0.01,0.01,0.01,0.01
Cambodia,Spirits,0.38,0.38,0.4,0.4,0.41,0.41,0.4,0.39
Cambodia,Other alcoholic beverages,0,0,0,0,0,0,0,0
Cameroon,All types,4.19,4.15,4.59,4.77,6.66,6.52,5.98,5.96
Cameroon,Beer,2.47,2.49,2.9,3.08,3.07,2.89,2.58,2.62
Cameroon,Wine,0.12,0.06,0.09,0.12,0.11,0.12,0.11,0.09
Cameroon,Spirits,0.01,0.01,0.01,0.01,0,0.03,0,0
Cameroon,Other alcoholic beverages,1.59,1.59,1.59,1.56,3.48,3.48,3.29,3.26
Canada,All types,8.2,8.1,8,8,8.2,8.3,8.2,8.3
Canada,Beer,3.6,3.7,3.7,3.8,3.9,4,4,4.2
Canada,Wine,2.1,2.1,2,2,2,2,1.9,1.9
Canada,Spirits,2.1,2.1,2,2,2.1,2.1,2.1,2.1
Canada,Other alcoholic beverages,0.3,0.3,0.3,0.3,0.2,0.2,0.2,0.2
Chad,All types,0.42,0.5,0.5,0.5,0.62,1,1.02,1.04
Chad,Beer,0.4,0.46,0.48,0.47,0.41,0.37,0.37,0.32
Chad,Wine,0.01,0.03,0.01,0.01,0.01,0.42,0.47,0.54
Chad,Spirits,0.01,0.01,0.01,0.03,0.04,0.04,0.04,0.03
Chad,Other alcoholic beverages,0,0,0,0,0.16,0.18,0.14,0.15
Chile,All types,7.84,7.78,7.89,7.92,7.23,8.35,7.02,7.55
Chile,Beer,2.8,2.74,2.85,2.79,2.67,2.55,2.51,2.35
Chile,Wine,2.61,2.61,2.61,2.85,2.37,2.65,2.51,3.1
Chile,Spirits,2.43,2.43,2.43,2.28,2.19,3.15,2,2.1
Chile,Other alcoholic beverages,0,0,0,0,0,0,0,0
China,All types,5.64,5.63,5.66,5.76,5.76,5.69,5.57,5.75
China,Beer,1.67,1.68,1.74,1.86,1.88,1.82,1.76,1.67
China,Wine,0.2,0.18,0.17,0.16,0.18,0.18,0.18,0.17
China,Spirits,3.78,3.77,3.75,3.73,3.7,3.7,3.64,3.91
China,Other alcoholic beverages,0,0,0,0,0,0,0,0
Colombia,All types,4.33,4.54,4.48,4.34,4.33,4.36,4.28,4.19
Colombia,Beer,3.04,3.18,3.14,2.99,2.98,2.99,2.9,2.8
Colombia,Wine,0.1,0.1,0.1,0.1,0.06,0.06,0.06,0.05
Colombia,Spirits,1.18,1.24,1.22,1.23,1.27,1.28,1.3,1.33
Colombia,Other alcoholic beverages,0.02,0.02,0.02,0.02,0.02,0.02,0.02,0.02
Costa Rica,All types,3.84,3.77,3.72,3.64,3.6,3.51,3.58,3.75
Costa Rica,Beer,2.43,2.38,2.31,2.27,2.23,2.22,2.12,2.11
Costa Rica,Wine,0.37,0.37,0.37,0.35,0.32,0.31,0.31,0.29
Costa Rica,Spirits,1.02,1,1.02,0.99,1.02,0.96,1.12,1.31
Costa Rica,Other alcoholic beverages,0.02,0.02,0.03,0.02,0.03,0.03,0.03,0.03
Côte d'Ivoire,All types,1.58,1.53,1.58,1.39,1.22,1.25,1.17,1.13
Côte d'Ivoire,Beer,1,0.95,1.04,0.91,0.79,0.78,0.71,0.69
Côte d'Ivoire,Wine,0.41,0.43,0.38,0.31,0.27,0.32,0.32,0.32
Côte d'Ivoire,Spirits,0.1,0.1,0.11,0.11,0.12,0.12,0.11,0.1
Côte d'Ivoire,Other alcoholic beverages,0.07,0.06,0.06,0.05,0.04,0.04,0.03,0.03
Croatia,All types,10.06,10.39,9.99,9.87,10.76,10.96,11.4,11.1
Croatia,Beer,4.67,4.63,4.56,4.26,4.62,4.56,4.73,4.48
Croatia,Wine,3.7,4.08,3.76,3.95,4.52,4.79,5.08,5.03
Croatia,Spirits,1.35,1.35,1.34,1.33,1.28,1.24,1.21,1.19
Croatia,Other alcoholic beverages,0.34,0.33,0.33,0.33,0.34,0.36,0.39,0.39
Cuba,All types,4.46,4.35,4.42,4.3,4.13,4.09,4.11,4.07
Cuba,Beer,1.71,1.7,1.77,1.72,1.68,1.64,1.62,1.6
Cuba,Wine,0.07,0.07,0.07,0.06,0.07,0.05,0.05,0.05
Cuba,Spirits,2.66,2.57,2.56,2.5,2.37,2.39,2.42,2.4
Cuba,Other alcoholic beverages,0.02,0.02,0.02,0.02,0.02,0.02,0.02,0.02
Cyprus,All types,9.59,9.59,9.59,9.63,9.07,10.58,10.71,11.33
Cyprus,Beer,2.85,2.85,2.85,3.22,3.32,3.49,3.54,3.79
Cyprus,Wine,2.72,2.72,2.72,2.79,2.49,2.61,2.56,2.67
Cyprus,Spirits,4.02,4.02,4.02,3.62,3.26,4.48,4.61,4.87
Cyprus,Other alcoholic beverages,0,0,0,0,0,0,0,0
Czechia,All types,12.93,12.93,12.76,12.74,12.53,12.82,12.56,12.68
Czechia,Beer,6.89,6.89,6.87,6.87,6.86,6.93,6.64,6.72
Czechia,Wine,2.76,2.76,2.66,2.74,2.63,2.77,2.71,2.71
Czechia,Spirits,3.28,3.28,3.23,3.13,3.03,3.12,3.21,3.26
Czechia,Other alcoholic beverages,0,0,0,0,0,0,0,0
Denmark,All types,9.3,9.51,9.42,9.56,9.44,9.23,10.45,10.27
Denmark,Beer,3.43,3.56,3.45,3.57,3.48,3.55,3.81,3.86
Denmark,Wine,4.15,4.25,4.26,4.31,4.31,4.09,5.04,4.92
Denmark,Spirits,1.64,1.62,1.65,1.59,1.57,1.51,1.51,1.44
Denmark,Other alcoholic beverages,0.08,0.08,0.07,0.08,0.07,0.08,0.1,0.05
Dominica,All types,9.63,9.88,9.97,9.99,10.2,10.1,10.11,10.22
Dominica,Beer,2.11,2.37,2.34,2.34,2.32,2.29,2.23,2.17
Dominica,Wine,0.29,0.29,0.29,0.24,0.41,0.27,0.28,0.39
Dominica,Spirits,7.23,7.23,7.34,7.41,7.47,7.54,7.6,7.66
Dominica,Other alcoholic beverages,0,0,0,0,0,0,0,0
Dominican Republic,All types,5.6,5.55,5.59,5.47,5.53,5.52,5.48,5.54
Dominican Republic,Beer,2.97,2.87,2.83,2.78,2.77,2.74,2.69,2.66
Dominican Republic,Wine,0.33,0.34,0.36,0.31,0.26,0.24,0.22,0.2
Dominican Republic,Spirits,2.24,2.28,2.34,2.33,2.43,2.48,2.5,2.61
Dominican Republic,Other alcoholic beverages,0.05,0.05,0.07,0.06,0.06,0.06,0.07,0.07
Ecuador,All types,3.08,3.34,3.88,3.98,3.98,4.12,4.21,4.28
Ecuador,Beer,2.3,2.53,3,3,2.96,2.88,2.78,2.68
Ecuador,Wine,0.23,0.23,0.23,0.25,0.25,0.26,0.26,0.37
Ecuador,Spirits,0.53,0.55,0.62,0.72,0.75,0.96,1.15,1.21
Ecuador,Other alcoholic beverages,0.03,0.02,0.02,0.02,0.02,0.02,0.01,0.02
Egypt,All types,0.13,0.15,0.18,0.19,0.19,0.19,0.19,0.2
Egypt,Beer,0.08,0.09,0.11,0.11,0.11,0.11,0.11,0.11
Egypt,Wine,0.01,0.01,0.01,0.01,0.01,0.01,0.01,0.01
Egypt,Spirits,0.04,0.04,0.06,0.07,0.06,0.07,0.06,0.07
Egypt,Other alcoholic beverages,0,0,0,0,0,0,0,0
El Salvador,All types,2.81,2.64,2.54,2.45,2.34,2.41,2.31,2.29
El Salvador,Beer,1.39,1.27,1.16,1.07,1.04,1,0.93,0.92
El Salvador,Wine,0.05,0.05,0.05,0.05,0.05,0.05,0.04,0.04
El Salvador,Spirits,1.37,1.32,1.33,1.32,1.25,1.36,1.33,1.33
El Salvador,Other alcoholic beverages,0.01,0.01,0.01,0.01,0.01,0.01,0.01,0
Estonia,All types,13.27,15.95,16.7,17.35,17.77,16.91,16.18,14.83
Estonia,Beer,4.77,5.5,5.71,5.88,5.9,5.84,5.65,5.55
Estonia,Wine,2.15,2.32,2.21,2.14,2.14,1.98,1.82,1.62
Estonia,Spirits,4.89,6.29,6.82,7.11,7.47,7.11,6.9,5.94
Estonia,Other alcoholic beverages,1.46,1.83,1.96,2.22,2.26,1.97,1.81,1.72
Ethiopia,All types,0.95,0.86,0.62,0.53,0.46,0.44,0.35,0.31
Ethiopia,Beer,0.92,0.82,0.58,0.5,0.43,0.41,0.32,0.28
Ethiopia,Wine,0.02,0.02,0.02,0.02,0.02,0.02,0.02,0.02
Ethiopia,Spirits,0.01,0.01,0.01,0.01,0.01,0.01,0.01,0.01
Ethiopia,Other alcoholic beverages,0,0,0,0,0,0,0,0
Finland,All types,8.37,8.44,8.52,8.76,9.08,9.27,9.81,9.72
Finland,Beer,4.04,4.11,4.13,4.17,4.28,4.27,4.61,4.47
Finland,Wine,1.75,1.74,1.75,1.8,1.84,1.89,1.89,1.86
Finland,Spirits,1.14,1.15,1.18,1.24,1.3,1.38,1.44,1.5
Finland,Other alcoholic beverages,1.44,1.43,1.45,1.54,1.65,1.74,1.87,1.89
France,All types,11.69,11.74,11.87,12.07,11.73,12.22,12.35,12.3
France,Beer,2.3,2.21,2.16,2.26,1.8,2.15,2.1,2.18
France,Wine,6.79,6.9,7.09,7.04,7.13,7.33,7.41,7.27
France,Spirits,2.41,2.43,2.42,2.47,2.5,2.54,2.64,2.65
France,Other alcoholic beverages,0.19,0.2,0.2,0.3,0.3,0.2,0.2,0.2
Georgia,All types,5.83,7.51,7.52,6.86,6.7,7.12,8.12,7.53
Georgia,Beer,1.64,1.41,1.41,1.39,1.38,1.28,1.95,1.42
Georgia,Wine,1.53,3.29,3.1,2.37,2.25,2.75,3.19,3.16
Georgia,Spirits,2.65,2.79,3,3.09,3.05,3.09,2.98,2.94
Georgia,Other alcoholic beverages,0.02,0.02,0.02,0.01,0.01,0.01,0,0
Germany,All types,10.81,10.93,11.05,11.06,11.07,11.31,11.32,11.21
Germany,Beer,5.64,5.75,5.87,5.87,5.88,6,6.01,6.21
Germany,Wine,3.11,3.11,3.11,3.11,3.11,3.23,3.24,3.22
Germany,Spirits,2.07,2.07,2.07,2.07,2.07,2.08,2.08,2.15
Germany,Other alcoholic beverages,0,0,0,0,0,0,0,0
Ghana,All types,1.67,1.62,1.84,1.88,1.89,1.91,1.84,1.73
Ghana,Beer,0.49,0.48,0.47,0.46,0.43,0.44,0.48,0.48
Ghana,Wine,0,0,0.1,0.08,0.15,0.24,0.21,0.18
Ghana,Spirits,0.43,0.47,0.55,0.58,0.44,0.41,0.38,0.36
Ghana,Other alcoholic beverages,0.75,0.66,0.72,0.76,0.87,0.82,0.77,0.72
Greece,All types,6.4,6.37,6.57,6.96,7.44,7.5,7.34,8.2
Greece,Beer,1.99,2.05,2,2.04,2.07,2.07,2.06,2.2
Greece,Wine,2.88,2.84,3.08,3.37,3.81,3.88,3.59,4.08
Greece,Spirits,1.44,1.4,1.41,1.46,1.47,1.46,1.59,1.8
Greece,Other alcoholic beverages,0.09,0.09,0.08,0.08,0.09,0.09,0.09,0.12
Grenada,All types,9.12,8.87,8.69,8.54,8.53,8.51,8.37,8.36
Grenada,Beer,3.78,3.63,3.57,3.56,3.58,3.57,3.55,3.55
Grenada,Wine,0.67,0.67,0.67,0.68,0.67,0.64,0.64,0.61
Grenada,Spirits,4.33,4.3,4.16,4.01,4.05,4.09,3.99,3.99
Grenada,Other alcoholic beverages,0.33,0.27,0.29,0.29,0.23,0.2,0.2,0.2
Guatemala,All types,1.6,1.59,1.64,1.68,1.82,1.9,2.04,2.02
Guatemala,Beer,0.9,0.91,0.9,0.94,0.93,0.93,0.86,0.83
Guatemala,Wine,0.03,0.03,0.03,0.03,0.03,0.03,0.03,0.03
Guatemala,Spirits,0.66,0.65,0.69,0.7,0.85,0.94,1.14,1.16
Guatemala,Other alcoholic beverages,0.01,0.01,0.01,0.01,0.01,0.01,0.01,0.01
Honduras,All types,2.68,2.54,2.51,2.43,2.69,2.7,2.72,2.69
Honduras,Beer,1.49,1.34,1.22,1.14,1.14,1.13,1.12,1.08
Honduras,Wine,0.02,0.02,0.03,0.02,0.02,0.03,0.03,0.03
Honduras,Spirits,1.16,1.17,1.25,1.26,1.52,1.54,1.56,1.59
Honduras,Other alcoholic beverages,0,0,0,0,0,0,0,0
Hungary,All types,10.79,11.28,10.95,10.92,10.73,11.13,11.37,10.7
Hungary,Beer,3.96,3.93,3.92,3.9,3.78,4.08,4.05,3.9
Hungary,Wine,3.33,3.61,3.4,2.93,3.2,3.19,3.51,3.16
Hungary,Spirits,3.5,3.74,3.62,4.09,3.74,3.86,3.81,3.64
Hungary,Other alcoholic beverages,0,0,0,0,0,0,0,0
Iceland,All types,7.75,7.5,7.66,7.01,6.8,6.82,6.84,6.79
Iceland,Beer,4.42,4.24,4.26,3.86,3.74,3.77,3.68,3.71
Iceland,Wine,2.14,2.09,2.15,2.02,1.96,1.95,1.9,1.87
Iceland,Spirits,1.19,1.16,1.25,1.13,1.1,1.1,1.26,1.21
Iceland,Other alcoholic beverages,0,0,0,0,0,0,0,0
India,All types,2.86,2.97,3.01,3.01,3.05,3.06,2.96,2.74
India,Beer,0.22,0.23,0.21,0.2,0.2,0.19,0.18,0.17
India,Wine,0,0,0,0,0,0,0,0
India,Spirits,2.64,2.74,2.8,2.81,2.85,2.87,2.78,2.57
India,Other alcoholic beverages,0,0,0,0,0,0,0,0
Iran (Islamic Republic of),All types,0.03,0.02,0.01,0.01,0.01,0.02,0.03,0.03
Iran (Islamic Republic of),Beer,0,0,0,0,0,0,0,0
Iran (Islamic Republic of),Wine,0,0,0,0,0,0,0,0
Iran (Islamic Republic of),Spirits,0.03,0.02,0.01,0.01,0.01,0.02,0.03,0.03
Iran (Islamic Republic of),Other alcoholic beverages,0,0,0,0,0,0,0,0
Iraq,All types,0.17,0.16,0.14,0.15,0.17,0.2,0.18,0.19
Iraq,Beer,0.12,0.11,0.09,0.1,0.12,0.14,0.12,0.14
Iraq,Wine,0,0,0,0.01,0.01,0.01,0.01,0
Iraq,Spirits,0.04,0.05,0.05,0.04,0.04,0.05,0.05,0.04
Iraq,Other alcoholic beverages,0,0,0,0,0,0,0,0
Ireland,All types,11.12,11.22,10.68,10.73,10.35,11.2,11.3,11.38
Ireland,Beer,5.04,5.19,5.04,5.12,4.92,5.23,5.31,5.48
Ireland,Wine,2.99,3.01,2.85,2.79,2.61,2.86,2.91,2.86
Ireland,Spirits,2.22,2.16,2,1.96,1.98,2.24,2.19,2.13
Ireland,Other alcoholic beverages,0.86,0.85,0.79,0.85,0.84,0.87,0.9,0.9
Israel,All types,2.98,2.69,2.71,2.69,2.87,2.85,2.78,2.74
Israel,Beer,1.74,1.5,1.56,1.52,1.51,1.43,1.38,1.32
Israel,Wine,0.07,0.07,0.07,0.07,0.1,0.12,0.13,0.13
Israel,Spirits,1.13,1.09,1.04,1.05,1.21,1.25,1.21,1.24
Israel,Other alcoholic beverages,0.04,0.04,0.04,0.04,0.05,0.05,0.05,0.06
Italy,All types,7.37,7.1,7.14,7.33,7.34,7.48,6.97,6.95
Italy,Beer,1.88,1.82,1.79,1.69,1.7,1.7,1.69,1.66
Italy,Wine,4.71,4.58,4.62,4.85,4.85,4.99,4.45,4.45
Italy,Spirits,0.79,0.69,0.74,0.79,0.79,0.79,0.84,0.84
Italy,Other alcoholic beverages,0,0,0,0,0,0,0,0
Jamaica,All types,3.47,3.38,3.48,3.42,3.44,3.37,3.35,3.37
Jamaica,Beer,1.24,1.21,1.12,1.06,1.03,1,1,0.98
Jamaica,Wine,0.35,0.34,0.38,0.39,0.42,0.45,0.47,0.57
Jamaica,Spirits,1.57,1.57,1.78,1.81,1.84,1.78,1.75,1.7
Jamaica,Other alcoholic beverages,0.3,0.26,0.2,0.17,0.15,0.14,0.13,0.13
Japan,All types,6.8,6.82,6.85,6.71,6.96,6.83,6.86,6.88
Japan,Beer,1.34,1.35,1.35,1.33,1.38,1.35,1.35,1.36
Japan,Wine,0.25,0.25,0.25,0.25,0.25,0.25,0.25,0.25
Japan,Spirits,2.58,2.58,2.6,2.54,2.64,2.59,2.6,2.61
Japan,Other alcoholic beverages,2.63,2.64,2.65,2.6,2.69,2.64,2.65,2.66
Kazakhstan,All types,3.66,3.55,3.3,3.61,3.76,3.69,3.38,3.9
Kazakhstan,Beer,2.15,1.94,1.83,1.9,1.8,1.89,1.69,1.99
Kazakhstan,Wine,0.16,0.1,0.09,0.07,0.06,0.05,0.05,0.07
Kazakhstan,Spirits,1.35,1.51,1.38,1.55,1.9,1.75,1.64,1.84
Kazakhstan,Other alcoholic beverages,0,0,0,0.09,0,0,0,0
Kenya,All types,1.65,1.63,1.53,1.38,1.57,1.53,1.51,1.55
Kenya,Beer,0.8,0.77,0.72,0.62,0.9,0.94,0.91,0.96
Kenya,Wine,0.03,0.03,0.03,0.03,0.04,0.03,0.03,0.03
Kenya,Spirits,0.8,0.81,0.77,0.72,0.62,0.55,0.56,0.56
Kenya,Other alcoholic beverages,0.02,0.01,0.01,0.01,0.01,0.01,0.01,0.01
Kiribati,All types,0.36,0.38,0.37,0.5,0.75,0.37,0.52,0.46
Kiribati,Beer,0.36,0.36,0.36,0.36,0.71,0.37,0.44,0.46
Kiribati,Wine,0.01,0.02,0.01,0.15,0.03,0.01,0,0
Kiribati,Spirits,0,0,0,0,0,0,0.08,0
Kiribati,Other alcoholic beverages,0,0,0,0,0,0,0,0
Lao People's Democratic Republic,All types,7.26,7.11,6.84,6.64,6.42,6.3,6.26,6.05
Lao People's Democratic Republic,Beer,3.85,3.7,3.43,3.23,3.01,2.82,2.61,2.43
Lao People's Democratic Republic,Wine,0.02,0.02,0.02,0.02,0.02,0.02,0.02,0.01
Lao People's Democratic Republic,Spirits,3.39,3.39,3.39,3.39,3.39,3.46,3.63,3.61
Lao People's Democratic Republic,Other alcoholic beverages,0,0,0,0,0,0,0,0
Latvia,All types,12.6,11.3,10.8,10.6,10.43,10.2,10.11,9.83
Latvia,Beer,5.3,4.8,4.8,4.8,4.7,4.67,4.86,4.61
Latvia,Wine,1.4,1.3,1.2,1.2,1.1,1.16,1.13,1.05
Latvia,Spirits,5.1,4.5,4.1,4,3.99,3.77,3.57,3.64
Latvia,Other alcoholic beverages,0.8,0.7,0.7,0.6,0.64,0.6,0.55,0.53
Lebanon,All types,1.32,1.27,1.24,1.27,1.27,1.33,1.41,1.5
Lebanon,Beer,0.44,0.41,0.38,0.37,0.3,0.32,0.35,0.41
Lebanon,Wine,0.24,0.25,0.25,0.24,0.25,0.24,0.22,0.22
Lebanon,Spirits,0.62,0.59,0.59,0.64,0.69,0.75,0.82,0.85
Lebanon,Other alcoholic beverages,0.02,0.02,0.02,0.02,0.02,0.02,0.02,0.02
Lesotho,All types,2.82,2.89,2.81,2.6,2.58,2.46,2.4,2.8
Lesotho,Beer,1.62,1.69,1.61,1.4,1.38,1.4,1.47,1.46
Lesotho,Wine,0.09,0.09,0.09,0.09,0.09,0,0.01,0.01
Lesotho,Spirits,0.3,0.3,0.3,0.3,0.3,0.6,0.58,0.59
Lesotho,Other alcoholic beverages,0.81,0.81,0.81,0.81,0.81,0.45,0.35,0.74
Lithuania,All types,11.96,13.39,14.2,14.93,14.75,14.87,14.72,13.22
Lithuania,Beer,4.72,5.1,5.36,5.46,5.26,5.6,5.77,5.46
Lithuania,Wine,0.81,1.04,1.14,1.51,1.49,1.44,1.35,1.1
Lithuania,Spirits,4.97,5.51,5.78,5.82,5.74,5.63,5.51,4.65
Lithuania,Other alcoholic beverages,1.46,1.73,1.92,2.13,2.26,2.21,2.09,2.01
Luxembourg,All types,11.16,11.24,11.36,11.41,11.25,11.66,11.74,11.84
Luxembourg,Beer,3.97,3.98,4.02,4.07,3.84,4.08,4.05,4.19
Luxembourg,Wine,4.95,5,5.1,5.07,5.12,5.28,5.32,5.25
Luxembourg,Spirits,2.24,2.25,2.25,2.27,2.29,2.31,2.36,2.4
Luxembourg,Other alcoholic beverages,0,0,0,0,0,0,0,0
Madagascar,All types,0.91,0.89,0.88,0.78,0.85,0.86,0.9,0.96
Madagascar,Beer,0.5,0.48,0.46,0.44,0.42,0.45,0.5,0.53
Madagascar,Wine,0.07,0.07,0.08,0.08,0.08,0.1,0.1,0.1
Madagascar,Spirits,0.34,0.34,0.34,0.26,0.34,0.31,0.3,0.33
Madagascar,Other alcoholic beverages,0,0,0,0,0,0,0,0
Malawi,All types,2,2,1.99,1.94,1.94,1.79,1.81,1.63
Malawi,Beer,0.17,0.18,0.17,0.16,0.16,0.16,0.15,0.15
Malawi,Wine,0.02,0.02,0.02,0.01,0.02,0.02,0.02,0.02
Malawi,Spirits,0.19,0.19,0.19,0.1,0.22,0.27,0.16,0.17
Malawi,Other alcoholic beverages,1.61,1.61,1.61,1.67,1.54,1.34,1.48,1.29
Malaysia,All types,0.58,0.59,0.54,0.55,0.56,0.57,0.55,0.52
Malaysia,Beer,0.43,0.43,0.39,0.39,0.4,0.41,0.39,0.38
Malaysia,Wine,0.04,0.04,0.04,0.04,0.04,0.04,0.04,0.03
Malaysia,Spirits,0.11,0.11,0.11,0.11,0.11,0.11,0.11,0.1
Malaysia,Other alcoholic beverages,0.01,0.01,0.01,0.01,0.01,0.01,0.01,0.01
Mali,All types,0.59,0.58,0.59,0.58,0.59,0.62,0.61,0.59
Mali,Beer,0.1,0.09,0.09,0.1,0.09,0.08,0.08,0.07
Mali,Wine,0.01,0.01,0.01,0.01,0.01,0.01,0.01,0.01
Mali,Spirits,0,0,0,0,0,0,0.02,0.02
Mali,Other alcoholic beverages,0.48,0.48,0.48,0.48,0.49,0.53,0.5,0.49
Malta,All types,7.78,7.51,7.29,7.37,7.37,7.2,6.89,6.98
Malta,Beer,2.83,2.82,2.8,2.8,2.79,2.78,2.78,2.77
Malta,Wine,2.33,2.16,2.02,2.12,2.08,2.15,1.99,2.22
Malta,Spirits,2.24,2.16,2.12,2.06,2.13,1.94,1.81,1.68
Malta,Other alcoholic beverages,0.38,0.37,0.36,0.39,0.37,0.34,0.31,0.31
Mauritius,All types,3.1,3.07,2.61,2.82,2.98,2.97,3.04,2.96
Mauritius,Beer,1.88,1.83,1.41,1.68,1.85,1.84,1.84,1.8
Mauritius,Wine,0.4,0.41,0.38,0.31,0.3,0.3,0.31,0.35
Mauritius,Spirits,0.79,0.79,0.79,0.79,0.8,0.81,0.87,0.78
Mauritius,Other alcoholic beverages,0.03,0.03,0.03,0.03,0.03,0.03,0.02,0.02
Mexico,All types,4.25,4.25,4.24,3.94,3.81,3.86,4,4.05
Mexico,Beer,3.72,3.72,3.59,3.38,3.28,3.41,3.53,3.53
Mexico,Wine,0.19,0.19,0.2,0.18,0.2,0.19,0.18,0.18
Mexico,Spirits,0.19,0.19,0.24,0.24,0.19,0.12,0.18,0.23
Mexico,Other alcoholic beverages,0.15,0.15,0.21,0.15,0.14,0.13,0.11,0.11
Mongolia,All types,6.24,6.9,8.4,9.93,12.64,7.55,6.66,7.74
Mongolia,Beer,2.05,2.16,2.14,2.13,2.34,2.3,1.97,1.61
Mongolia,Wine,1.37,1.34,1.2,1.39,1.44,1.58,1.53,1.23
Mongolia,Spirits,2.82,3.4,5.06,6.41,8.85,3.67,3.17,4.9
Mongolia,Other alcoholic beverages,0,0,0,0,0,0,0,0
Montenegro,All types,9.18,8.97,8.34,8.44,9.51,9.25,8.91,9.83
Montenegro,Beer,3.45,3.45,3.45,3.53,3.88,4.21,3.94,4.14
Montenegro,Wine,2.56,2.45,1.98,2.09,2.89,2.41,2.41,3.22
Montenegro,Spirits,3.04,2.93,2.78,2.66,2.57,2.48,2.4,2.31
Montenegro,Other alcoholic beverages,0.13,0.13,0.13,0.17,0.16,0.14,0.16,0.17
Morocco,All types,0.43,0.4,0.39,0.41,0.45,0.46,0.46,0.47
Morocco,Beer,0.17,0.16,0.16,0.15,0.17,0.18,0.18,0.2
Morocco,Wine,0.18,0.17,0.17,0.19,0.2,0.2,0.19,0.18
Morocco,Spirits,0.07,0.07,0.06,0.07,0.07,0.08,0.09,0.09
Morocco,Other alcoholic beverages,0,0,0,0,0,0,0,0
Mozambique,All types,1.24,1.25,1.22,1.06,0.99,0.99,0.93,0.84
Mozambique,Beer,1,1.01,0.96,0.81,0.74,0.72,0.68,0.61
Mozambique,Wine,0.05,0.08,0.09,0.09,0.09,0.11,0.11,0.1
Mozambique,Spirits,0.19,0.15,0.17,0.17,0.16,0.15,0.13,0.13
Mozambique,Other alcoholic beverages,0.01,0.01,0.01,0.01,0,0,0,0
Myanmar,All types,1.75,1.6,1.46,1.36,1.31,1.24,1.09,0.97
Myanmar,Beer,0.45,0.42,0.37,0.32,0.28,0.24,0.18,0.15
Myanmar,Wine,0,0,0,0,0,0,0,0
Myanmar,Spirits,1.3,1.18,1.09,1.04,1.03,1,0.92,0.82
Myanmar,Other alcoholic beverages,0,0,0,0,0,0,0,0
Netherlands,All types,8.34,8.3,8.3,8.39,8.58,9.06,9,9.07
Netherlands,Beer,4.02,4.05,4.04,4.12,4.2,4.37,4.34,4.36
Netherlands,Wine,2.94,2.89,2.94,2.95,2.87,3.16,3.17,3.18
Netherlands,Spirits,1.38,1.35,1.32,1.32,1.52,1.52,1.49,1.53
Netherlands,Other alcoholic beverages,0,0,0,0,0,0,0,0
New Zealand,All types,9.06,9.02,8.68,8.98,9.12,9.17,9.45,9.62
New Zealand,Beer,3.34,3.37,3.28,3.33,3.45,3.38,3.65,3.68
New Zealand,Wine,3.02,3.01,2.91,3.13,3.01,3,3.01,3.23
New Zealand,Spirits,1.49,1.49,1.4,1.47,1.52,1.52,1.53,1.52
New Zealand,Other alcoholic beverages,1.2,1.14,1.1,1.05,1.15,1.26,1.26,1.2
Nicaragua,All types,3.89,3.81,3.73,3.55,3.56,3.61,3.36,3.35
Nicaragua,Beer,1.61,1.53,1.45,1.38,1.35,1.32,1.32,1.32
Nicaragua,Wine,0.03,0.03,0.03,0.03,0.02,0.02,0.02,0.02
Nicaragua,Spirits,2.24,2.25,2.25,2.13,2.19,2.26,2.02,2.01
Nicaragua,Other alcoholic beverages,0.01,0,0,0,0,0,0,0
Norway,All types,6,6.03,5.97,6.06,6.21,6.21,6.44,6.59
Norway,Beer,2.63,2.65,2.57,2.62,2.68,2.67,2.83,2.91
Norway,Wine,2.19,2.21,2.22,2.25,2.3,2.29,2.3,2.29
Norway,Spirits,1.01,1.01,1.03,1.04,1.09,1.11,1.18,1.25
Norway,Other alcoholic beverages,0.17,0.16,0.15,0.15,0.14,0.14,0.13,0.14
Oman,All types,0.4,0.4,0.42,0.43,0.45,0.49,0.5,0.51
Oman,Beer,0.16,0.17,0.17,0.17,0.18,0.19,0.2,0.2
Oman,Wine,0.02,0.01,0.01,0.01,0.01,0.03,0.02,0.03
Oman,Spirits,0.22,0.23,0.24,0.24,0.26,0.28,0.28,0.28
Oman,Other alcoholic beverages,0.01,0,0,0,0,0,0,0
Panama,All types,6.89,6.7,6.92,6.34,6.26,6.25,6.22,6.16
Panama,Beer,5.42,5.14,5.36,4.79,4.43,4.27,4.21,4.1
Panama,Wine,0.25,0.25,0.24,0.24,0.25,0.25,0.25,0.24
Panama,Spirits,1.2,1.3,1.31,1.29,1.56,1.71,1.74,1.8
Panama,Other alcoholic beverages,0.02,0.02,0.02,0.02,0.02,0.02,0.02,0.01
Peru,All types,5.3,5.31,5.3,5.26,5.12,5.21,5.09,5.13
Peru,Beer,3.06,3.07,3.06,3.09,3.07,3.19,3.09,3.13
Peru,Wine,0.43,0.43,0.43,0.43,0.42,0.41,0.37,0.35
Peru,Spirits,1.8,1.8,1.8,1.73,1.62,1.61,1.62,1.65
Peru,Other alcoholic beverages,0.01,0.01,0.01,0.01,0.01,0.01,0.01,0.01
Philippines,All types,4.75,4.53,4.52,4.62,4.63,4.98,4.86,4.74
Philippines,Beer,1.38,1.24,1.11,1.1,1.1,1.25,1.28,1.29
Philippines,Wine,0.04,0.04,0.04,0.02,0.02,0.02,0.02,0.02
Philippines,Spirits,3.32,3.25,3.37,3.48,3.49,3.67,3.44,3.29
Philippines,Other alcoholic beverages,0.01,0.01,0.01,0.01,0.02,0.03,0.12,0.14
Poland,All types,10.53,10.43,10.47,10.45,10.8,10.21,10.24,10.07
Poland,Beer,5.78,5.84,5.82,5.8,5.74,5.84,5.56,5.32
Poland,Wine,0.87,0.83,0.89,0.89,0.82,0.83,0.91,0.98
Poland,Spirits,3.87,3.76,3.76,3.76,4.23,3.53,3.77,3.77
Poland,Other alcoholic beverages,0,0,0,0,0,0,0,0
Portugal,All types,10.37,10.37,10.34,10.2,9.52,9.76,10.86,11.26
Portugal,Beer,2.62,2.62,2.57,2.47,2.58,2.64,2.75,3.03
Portugal,Wine,6.04,6.04,6.05,5.96,5.16,5.34,6.37,6.44
Portugal,Spirits,1.34,1.34,1.34,1.4,1.4,1.4,1.4,1.41
Portugal,Other alcoholic beverages,0.37,0.37,0.37,0.38,0.38,0.38,0.32,0.38
Qatar,All types,1.04,1.04,1.07,1.05,1.07,1.07,1.1,1.11
Qatar,Beer,0.3,0.3,0.29,0.3,0.3,0.32,0.31,0.32
Qatar,Wine,0.08,0.08,0.09,0.09,0.09,0.09,0.09,0.09
Qatar,Spirits,0.65,0.66,0.68,0.66,0.68,0.66,0.69,0.69
Qatar,Other alcoholic beverages,0.01,0.01,0.01,0.01,0.01,0.01,0.01,0.01
Republic of Korea,All types,8.65,8.69,9.09,8.94,8.77,8.98,8.86,8.9
Republic of Korea,Beer,1.94,2,2.03,2.01,2.1,1.98,1.93,1.89
Republic of Korea,Wine,0.14,0.15,0.17,0.15,0.15,0.13,0.13,0.14
Republic of Korea,Spirits,0.28,0.3,0.34,0.39,0.38,0.37,0.38,0.4
Republic of Korea,Other alcoholic beverages,6.3,6.24,6.56,6.39,6.14,6.5,6.42,6.48
Republic of Moldova,All types,7.45,7.22,6.76,7.4,8.48,8.3,8.21,6.92
Republic of Moldova,Beer,1.51,1.5,1.52,1.62,1.78,1.95,1.83,1.65
Republic of Moldova,Wine,3.44,3.36,2.68,2.75,3.19,3.49,3.66,2.98
Republic of Moldova,Spirits,2.25,2.09,2.34,2.83,3.13,2.55,2.07,1.68
Republic of Moldova,Other alcoholic beverages,0.25,0.27,0.22,0.2,0.38,0.31,0.65,0.62
Romania,All types,10.14,9.57,9.45,9.48,9.65,9.66,9.58,10.01
Romania,Beer,5.28,5.25,5.22,4.86,5.14,5.35,5,4.83
Romania,Wine,3.09,2.55,2.7,3.21,3.08,3,3.03,3.16
Romania,Spirits,1.77,1.77,1.54,1.42,1.42,1.3,1.54,2.02
Romania,Other alcoholic beverages,0,0,0,0,0,0,0,0
Russian Federation,All types,7.24,8.2,8.36,9.25,10.17,10.86,10.92,10.95
Russian Federation,Beer,3.05,3.53,3.65,3.96,4.23,4.2,4.16,4.12
Russian Federation,Wine,1.1,1.08,1.11,1.17,1.11,1.21,1.24,1.29
Russian Federation,Spirits,3.09,3.59,3.6,4.12,4.83,5.46,5.52,5.55
Russian Federation,Other alcoholic beverages,0,0,0,0,0,0,0,0
Rwanda,All types,6.99,7.09,7.05,7.12,6.86,7.08,7.27,7.65
Rwanda,Beer,1.06,1.16,1.12,0.92,1.01,0.97,0.9,0.8
Rwanda,Wine,0.01,0.01,0.01,0.01,0.01,0,0,0
Rwanda,Spirits,0.04,0.04,0.04,0.13,0.19,0.13,0.09,0.04
Rwanda,Other alcoholic beverages,5.88,5.88,5.88,6.06,5.64,5.98,6.28,6.8
Saint Lucia,All types,10.35,10.18,9.73,9.61,9.47,9.91,10.36,10.59
Saint Lucia,Beer,3.46,3.43,3.36,3.27,3.28,3.28,3.27,3.28
Saint Lucia,Wine,1.24,1.17,1.05,1.09,1.08,1.1,1.23,1.17
Saint Lucia,Spirits,5.05,4.97,4.87,4.79,4.66,5.03,5.32,5.55
Saint Lucia,Other alcoholic beverages,0.6,0.61,0.45,0.45,0.45,0.5,0.53,0.58
Saint Vincent and the Grenadines,All types,8.12,7.99,7.59,7.35,7.23,7.12,7.23,7.21
Saint Vincent and the Grenadines,Beer,2.77,2.72,2.6,2.49,2.41,2.34,2.35,2.32
Saint Vincent and the Grenadines,Wine,0.62,0.6,0.59,0.58,0.5,0.51,0.51,0.55
Saint Vincent and the Grenadines,Spirits,4.52,4.45,4.22,4.12,4.16,4.15,4.26,4.22
Saint Vincent and the Grenadines,Other alcoholic beverages,0.21,0.21,0.18,0.16,0.15,0.12,0.11,0.13
Senegal,All types,0.3,0.3,0.24,0.25,0.25,0.27,0.31,0.28
Senegal,Beer,0.18,0.18,0.14,0.14,0.14,0.14,0.15,0.14
Senegal,Wine,0.1,0.1,0.08,0.08,0.08,0.11,0.13,0.11
Senegal,Spirits,0.02,0.02,0.02,0.02,0.03,0.02,0.03,0.03
Senegal,Other alcoholic beverages,0,0,0,0,0,0,0,0
Serbia,All types,7.32,7.21,7.09,7.06,7.78,8.6,8.36,8.64
Serbia,Beer,3.02,2.95,2.96,2.81,2.89,3.08,3.14,3.09
Serbia,Wine,1.72,1.7,1.6,1.76,2.41,3.02,2.72,3.05
Serbia,Spirits,2.35,2.33,2.29,2.27,2.25,2.28,2.28,2.28
Serbia,Other alcoholic beverages,0.24,0.23,0.23,0.22,0.23,0.23,0.21,0.22
Seychelles,All types,20.24,20.18,17.6,16.13,15.64,14.72,13.56,11.13
Seychelles,Beer,10.93,10.89,7.97,6.79,6.56,5.57,4.91,2.76
Seychelles,Wine,1.98,1.79,2.11,1.96,1.91,1.8,1.82,2.31
Seychelles,Spirits,6.99,7.25,7.24,7.2,7.07,7.29,6.69,5.98
Seychelles,Other alcoholic beverages,0.35,0.25,0.27,0.19,0.1,0.07,0.13,0.08
Sierra Leone,All types,3.43,3.49,3.41,3.39,3.17,3.49,3.75,3.74
Sierra Leone,Beer,0.15,0.1,0.12,0.12,0.22,0.18,0.18,0.17
Sierra Leone,Wine,0.04,0.14,0.03,0.02,0.03,0.28,0.32,0.24
Sierra Leone,Spirits,0,0,0,0,0,0,0.02,0.02
Sierra Leone,Other alcoholic beverages,3.25,3.25,3.25,3.25,2.92,3.03,3.24,3.32
Singapore,All types,1.8,1.84,1.82,1.84,1.86,1.94,1.89,1.84
Singapore,Beer,1.25,1.28,1.27,1.29,1.24,1.35,1.31,1.29
Singapore,Wine,0.27,0.27,0.27,0.27,0.28,0.27,0.27,0.25
Singapore,Spirits,0.24,0.25,0.25,0.24,0.3,0.29,0.28,0.27
Singapore,Other alcoholic beverages,0.03,0.04,0.03,0.03,0.03,0.03,0.03,0.03
Slovakia,All types,10.16,9.92,10.74,10.62,10.49,10.62,10.74,10.51
Slovakia,Beer,3.43,3.19,3.42,3.3,3.42,3.66,3.54,3.43
Slovakia,Wine,2.13,2.13,2.6,2.83,2.36,2.12,2.24,2.13
Slovakia,Spirits,4.14,4.25,4.25,4.13,4.13,4.36,4.48,4.61
Slovakia,Other alcoholic beverages,0.47,0.35,0.47,0.35,0.59,0.47,0.47,0.35
Slovenia,All types,10.12,10.51,11.49,10.92,9.53,10.95,10.61,10.33
Slovenia,Beer,4.59,4.35,5.73,5.37,4.55,4.58,4.94,4.59
Slovenia,Wine,4.6,5.32,4.9,4.73,4.09,5.5,4.81,4.85
Slovenia,Spirits,0.93,0.84,0.86,0.82,0.89,0.87,0.86,0.89
Slovenia,Other alcoholic beverages,0,0,0,0,0,0,0,0
Solomon Islands,All types,1.25,1.28,0.98,0.94,0.97,1,1.05,1.09
Solomon Islands,Beer,1.21,1.24,0.94,0.91,0.93,0.96,0.98,0.99
Solomon Islands,Wine,0.04,0.04,0.04,0.03,0.04,0.04,0.03,0.03
Solomon Islands,Spirits,0,0,0,0,0,0,0.03,0.07
Solomon Islands,Other alcoholic beverages,0,0,0,0,0,0,0,0
South Africa,All types,7.34,7.3,7.33,7.39,7.35,7.37,7.31,7.25
South Africa,Beer,3.97,4,4.01,4.05,4.09,4.11,4.12,4.1
South Africa,Wine,1.45,1.43,1.42,1.35,1.28,1.28,1.28,1.27
South Africa,Spirits,1.3,1.27,1.26,1.29,1.3,1.33,1.32,1.29
South Africa,Other alcoholic beverages,0.63,0.6,0.63,0.69,0.68,0.65,0.6,0.58
Spain,All types,10.84,10.8,10.35,7.67,8.39,8.44,8.58,8.79
Spain,Beer,4.5,4.31,4.17,4.05,3.89,3.88,3.85,3.83
Spain,Wine,3.87,3.86,3.7,1.21,2.09,2.13,2.06,2.15
Spain,Spirits,2.3,2.46,2.31,2.24,2.26,2.27,2.5,2.64
Spain,Other alcoholic beverages,0.18,0.18,0.17,0.17,0.16,0.17,0.17,0.17
Sri Lanka,All types,2.58,2.65,2.72,2.45,2.65,2.89,3.03,2.31
Sri Lanka,Beer,0.22,0.21,0.36,0.37,0.4,0.4,0.28,0.3
Sri Lanka,Wine,0.01,0.01,0.01,0.01,0,0,0,0
Sri Lanka,Spirits,2.32,2.38,2.31,2.03,2.18,2.42,2.7,1.97
Sri Lanka,Other alcoholic beverages,0.03,0.04,0.04,0.05,0.06,0.06,0.05,0.04
Sudan,All types,0.01,0.01,0.02,0.03,0.06,0,0.46,NA
Sudan,Beer,0,0,0,0.01,0.04,0,0.08,NA
Sudan,Wine,0,0,0,0,0,0,0,NA
Sudan,Spirits,0.01,0.01,0.02,0.02,0.02,0,0.38,NA
Sudan,Other alcoholic beverages,0,0,0,0,0,0,0,NA
Suriname,All types,4.45,4.41,4.76,5.41,5.88,5.74,5.62,5.26
Suriname,Beer,1.96,1.99,2.06,2.15,2.1,2.06,2.03,2.03
Suriname,Wine,0.09,0.11,0.14,0.18,0.2,0.17,0.18,0.16
Suriname,Spirits,2.29,2.19,2.44,2.94,3.36,3.29,3.21,2.9
Suriname,Other alcoholic beverages,0.12,0.11,0.13,0.15,0.22,0.22,0.2,0.17
Sweden,All types,7.04,7.15,7.13,7.2,7.32,7.23,7.31,7.38
Sweden,Beer,2.57,2.65,2.62,2.64,2.65,2.63,2.67,2.74
Sweden,Wine,3.36,3.39,3.4,3.46,3.5,3.43,3.47,3.4
Sweden,Spirits,0.99,1,1,0.99,1.06,1.05,1.05,1.11
Sweden,Other alcoholic beverages,0.12,0.11,0.11,0.11,0.11,0.12,0.12,0.13
Switzerland,All types,9.51,9.51,9.62,9.62,9.74,9.87,9.99,10.01
Switzerland,Beer,3.05,3.05,3.17,3.17,3.17,3.17,3.17,3.18
Switzerland,Wine,4.23,4.34,4.58,4.58,4.69,4.7,4.82,4.94
Switzerland,Spirits,1.76,1.76,1.76,1.76,1.76,1.88,1.88,1.77
Switzerland,Other alcoholic beverages,0.12,0.12,0.12,0.12,0.12,0.12,0.12,0.12
Syrian Arab Republic,All types,0.12,0.18,0.24,0.2,0.15,0.22,0.61,0.77
Syrian Arab Republic,Beer,0.02,0.02,0.03,0.02,0.02,0.02,0.09,0.11
Syrian Arab Republic,Wine,0,0,0,0,0,0,0.01,0.01
Syrian Arab Republic,Spirits,0.1,0.15,0.2,0.18,0.13,0.19,0.51,0.65
Syrian Arab Republic,Other alcoholic beverages,0,0,0,0,0,0,0,0
Tajikistan,All types,0.86,0.86,0.9,0.81,0.78,0.76,0.69,0.67
Tajikistan,Beer,0.38,0.34,0.36,0.35,0.39,0.36,0.36,0.29
Tajikistan,Wine,0.01,0.01,0.01,0.01,0.01,0.01,0.01,0.01
Tajikistan,Spirits,0.47,0.5,0.53,0.45,0.38,0.38,0.32,0.36
Tajikistan,Other alcoholic beverages,0,0,0,0,0,0,0,0
Thailand,All types,6.57,6.57,6.57,6.9,6.79,7.09,7.14,6.7
Thailand,Beer,1.86,1.86,1.86,2.1,2.22,2.11,1.94,1.86
Thailand,Wine,0.18,0.18,0.18,0.18,0.17,0.15,0.12,0.09
Thailand,Spirits,4.53,4.53,4.53,4.62,4.4,4.83,5.08,4.75
Thailand,Other alcoholic beverages,6.57,6.57,6.57,6.9,6.79,7.09,7.14,6.7
Timor-Leste,All types,0.48,0.49,0.49,0.52,0.48,0.49,0.46,0.1
Timor-Leste,Beer,0.38,0.38,0.38,0.38,0.38,0.39,0.34,0.02
Timor-Leste,Wine,0.1,0.11,0.11,0.13,0.09,0.09,0.07,0.05
Timor-Leste,Spirits,0,0,0,0,0,0,0.05,0.02
Timor-Leste,Other alcoholic beverages,0,0,0,0,0,0,0,0
Togo,All types,1.33,1.26,1.33,1.24,1.2,1.15,1.14,1.26
Togo,Beer,0.73,0.65,0.69,0.6,0.57,0.51,0.48,0.61
Togo,Wine,0.08,0.07,0.08,0.08,0.08,0.1,0.1,0.09
Togo,Spirits,0.21,0.22,0.23,0.24,0.23,0.21,0.21,0.19
Togo,Other alcoholic beverages,0.32,0.32,0.32,0.32,0.32,0.33,0.35,0.36
Tonga,All types,0.33,0.28,0.29,0.37,0.32,0.26,0.96,1.24
Tonga,Beer,0.03,0.03,0.03,0.15,0.08,0.08,0.53,0.92
Tonga,Wine,0.2,0.15,0.16,0.12,0.14,0.11,0.1,0.09
Tonga,Spirits,0.1,0.1,0.1,0.1,0.1,0.07,0.32,0.23
Tonga,Other alcoholic beverages,0,0,0,0,0,0,0,0
Trinidad and Tobago,All types,5.82,5.91,6.14,6.13,6.03,6.05,5.93,5.92
Trinidad and Tobago,Beer,2.97,2.95,2.89,2.87,2.91,2.92,2.92,2.94
Trinidad and Tobago,Wine,0.29,0.32,0.37,0.36,0.26,0.21,0.18,0.16
Trinidad and Tobago,Spirits,2.47,2.54,2.77,2.79,2.78,2.84,2.75,2.75
Trinidad and Tobago,Other alcoholic beverages,0.09,0.1,0.1,0.11,0.08,0.08,0.08,0.08
Tunisia,All types,1.56,1.53,1.49,1.48,1.39,1.35,1.26,1.26
Tunisia,Beer,1,1.02,1.04,0.96,0.86,0.85,0.85,0.87
Tunisia,Wine,0.38,0.36,0.3,0.36,0.38,0.37,0.29,0.26
Tunisia,Spirits,0.15,0.13,0.13,0.14,0.14,0.12,0.1,0.11
Tunisia,Other alcoholic beverages,0.02,0.02,0.01,0.02,0.02,0.02,0.02,0.02
Turkey,All types,1.38,1.38,1.43,1.5,1.46,1.6,1.59,1.56
Turkey,Beer,0.79,0.8,0.82,0.86,0.82,0.94,0.88,0.89
Turkey,Wine,0.15,0.16,0.14,0.14,0.14,0.13,0.13,0.14
Turkey,Spirits,0.44,0.42,0.47,0.5,0.51,0.53,0.58,0.53
Turkey,Other alcoholic beverages,0,0,0,0,0,0,0,0
Turkmenistan,All types,3.17,3.32,3.36,3.24,3.18,3,2.88,2.9
Turkmenistan,Beer,0.72,0.71,0.68,0.64,0.64,0.45,0.29,0.25
Turkmenistan,Wine,1.33,1.39,1.39,1.32,1.25,1.26,1.28,1.33
Turkmenistan,Spirits,1.12,1.21,1.29,1.28,1.29,1.3,1.31,1.31
Turkmenistan,Other alcoholic beverages,0,0,0,0,0,0,0,0
Uganda,All types,12.19,12.1,12.13,12.52,7.72,8.39,11.71,11.5
Uganda,Beer,0.84,0.8,0.82,0.87,0.78,0.91,0.72,0.68
Uganda,Wine,0.01,0.01,0.01,0.01,0.01,0.01,0.01,0.01
Uganda,Spirits,0.61,0.56,0.56,0.55,0.54,0.54,0.55,0.55
Uganda,Other alcoholic beverages,10.73,10.73,10.73,11.09,6.4,6.93,10.44,10.27
United Kingdom of Great Britain and Northern Ireland,All types,9.88,9.69,9.59,9.45,9.42,9.53,9.8,10.01
United Kingdom of Great Britain and Northern Ireland,Beer,3.42,3.39,3.41,3.39,3.3,3.38,3.58,3.69
United Kingdom of Great Britain and Northern Ireland,Wine,3.52,3.46,3.39,3.3,3.28,3.22,3.22,3.23
United Kingdom of Great Britain and Northern Ireland,Spirits,2.26,2.18,2.08,2.02,2.04,2.11,2.12,2.2
United Kingdom of Great Britain and Northern Ireland,Other alcoholic beverages,0.67,0.66,0.71,0.73,0.8,0.82,0.88,0.89
United Republic of Tanzania,All types,7.31,7.41,7.39,6.98,6.3,5.84,6.71,6.59
United Republic of Tanzania,Beer,0.73,0.78,0.75,0.75,0.77,0.75,0.68,0.66
United Republic of Tanzania,Wine,0.01,0.01,0.01,0.01,0.01,0.01,0.01,0.01
United Republic of Tanzania,Spirits,0.2,0.25,0.26,0.26,0.27,0.27,0.24,0.21
United Republic of Tanzania,Other alcoholic beverages,6.37,6.37,6.37,5.96,5.24,4.81,5.78,5.72
United States of America,All types,8.82,8.86,8.78,8.78,8.81,8.85,8.66,8.56
United States of America,Beer,4.01,4.09,4.13,4.13,4.23,4.29,4.22,4.3
United States of America,Wine,1.63,1.63,1.59,1.63,1.59,1.6,1.55,1.45
United States of America,Spirits,3.18,3.14,3.07,3.03,2.99,2.96,2.89,2.81
United States of America,Other alcoholic beverages,0,0,0,0,0,0,0,0
Uruguay,All types,5.75,5.53,6,6.14,6.42,6.55,6.02,5.99
Uruguay,Beer,1.96,1.73,1.97,1.94,1.97,2.01,1.95,1.79
Uruguay,Wine,3.01,2.95,3.07,3.23,3.83,3.95,3.47,3.62
Uruguay,Spirits,0.79,0.85,0.96,0.97,0.62,0.59,0.61,0.58
Uruguay,Other alcoholic beverages,0,0,0,0,0,0,0,0
Uzbekistan,All types,1.57,1.59,1.59,1.48,1.52,1.43,1.68,1.69
Uzbekistan,Beer,0.55,0.55,0.53,0.44,0.48,0.53,0.77,0.81
Uzbekistan,Wine,0.14,0.17,0.18,0.16,0.16,0.1,0.1,0.07
Uzbekistan,Spirits,0.87,0.87,0.88,0.89,0.88,0.8,0.81,0.81
Uzbekistan,Other alcoholic beverages,0,0,0,0,0,0,0,0
Vanuatu,All types,1.57,1.58,1.47,1.48,1.59,1.79,1.65,1.18
Vanuatu,Beer,0.34,0.35,0.33,0.34,0.47,0.49,0.37,0.34
Vanuatu,Wine,0.3,0.31,0.22,0.22,0.2,0.24,0.17,0.19
Vanuatu,Spirits,0.92,0.92,0.92,0.92,0.92,1.07,1.11,0.65
Vanuatu,Other alcoholic beverages,0,0,0,0,0,0,0,0
Venezuela (Bolivarian Republic of),All types,3.13,3.99,6.12,6.52,6.8,6.77,6.82,7.35
Venezuela (Bolivarian Republic of),Beer,1.86,2.68,4.7,4.94,4.93,4.86,5.02,5.45
Venezuela (Bolivarian Republic of),Wine,0.11,0.12,0.14,0.14,0.16,0.2,0.2,0.22
Venezuela (Bolivarian Republic of),Spirits,1.12,1.14,1.22,1.35,1.62,1.63,1.53,1.62
Venezuela (Bolivarian Republic of),Other alcoholic beverages,0.04,0.05,0.07,0.09,0.09,0.08,0.07,0.07
Viet Nam,All types,3.23,3.13,2.95,2.76,2.67,2.56,2.44,2.24
Viet Nam,Beer,2.96,2.83,2.66,2.5,2.43,2.33,2.24,2.06
Viet Nam,Wine,0.02,0.02,0.02,0.02,0.02,0.02,0.02,0.02
Viet Nam,Spirits,0.24,0.27,0.26,0.23,0.21,0.21,0.19,0.16
Viet Nam,Other alcoholic beverages,0,0,0,0,0,0,0,0
Zambia,All types,3.95,3.85,3.85,4.66,2.78,3.51,3.49,3.59
Zambia,Beer,1.15,1.07,1.05,1.08,0.95,0.82,0.71,0.59
Zambia,Wine,0.08,0.06,0.08,0.09,0.07,0.6,0.61,0.68
Zambia,Spirits,0.62,0.62,0.62,0.7,0.01,0.38,0.34,0.35
Zambia,Other alcoholic beverages,2.1,2.1,2.1,2.79,1.75,1.71,1.84,1.97
Zimbabwe,All types,3.46,3.46,3.51,4.06,4.01,3.76,3.8,3.25
Zimbabwe,Beer,1.93,1.93,1.93,2.23,2.12,2.07,2.05,1.67
Zimbabwe,Wine,0.04,0.04,0.03,0.19,0.19,0.09,0.13,0.1
Zimbabwe,Spirits,0.27,0.27,0.27,0.27,0.41,0.42,0.31,0.32
Zimbabwe,Other alcoholic beverages,1.22,1.22,1.28,1.36,1.29,1.18,1.32,1.17
